Source,Timestamp,TEAM_ID,MISSION_TIME,TIME_STAMP,PACKET_NO,ALTITUDE,PRESSURE,TEMP,BATTERY_VOLTAGE,GPS_TIME,GPS_LAT,GPS_LON,GPS_ALT,GPS_SATS,AX,AY,AZ,GXS,GYS,GZS,FLIGHTSOFTWARE_STATUS,SURFACE_TEMP,SMOKE,CARBON_DIOXIDE,AMMONIA,METHANE,CARBON_MONOXIDE,PITCH,ROLL,YAW
rocket,2025-10-30T02:12:27.647Z,0.1,,,,,,-0.01,,340.81,,90.67,-10.43,-134.93,,,,,,,,,,,,,,,,
rocket,2025-10-30T02:12:27.677Z,2024-ASI-ROCKETRY-036,2025-10-29 19:37:21,,1245,-122.07,1004.2024-ASI-ROCKETRY-036,2025-10-29 19:37:21,1246,-122.07,1004.92,30.87,0.02,07:41:46 IST,26.720929,84.303223,152.8,,-0.02,-0.03,0.08,,,,,,,-0.01,,340.38
rocket,2025-10-30T02:12:27.728Z,2024-ASI-ROCKETRY-036,2025-10-29 19:37:21,,1247,-122.07,1004.92024-ASI-ROCKETRY-036,2025-10-29 19:37:28,1249,-122.05,1004.9,30.89,0.02,07:41:46 IST,26.720929,84.303223,152.8,,-0.02,,0.08,,,,,,,-0.01,,340.38
rocket,2025-10-30T02:12:27.754Z,2024-ASI-ROCKETRY-036,2025-10-29 19:37:28,,1250,-122.05,1004.902024-ASI-ROCKETRY-036,2025-10-29 19:37:28,1251,-122.05,1004.9,30.89,0.02,07:41:46 IST,26.720929,84.303223,152.8,,-0.02,,,,,,,,,-0.01,,341.68
rocket,2025-10-30T02:12:27.776Z,2024-ASI-ROCKETRY-036,2025-10-29 19:37:28,,1252,-122.05,1004.92024-ASI-ROCKETRY-036,2025-10-29 19:37:35,1254,-122.43,1004.91,30.9,0.01,07:42:06 IST,26.720929,84.303223,152.8,,0.03,0.04,,,,,,,,-0.01,,341.68
rocket,2025-10-30T02:12:27.881Z,2024-ASI-ROCKETRY-036,2025-10-29 19:37:35,,1255,-122.43,1004.912024-ASI-ROCKETRY-036,2025-10-29 19:37:35,1256,-122.43,1004.91,30.9,0.01,07:42:06 IST,26.720929,84.303223,152.8,,0.03,0.04,0.06,,,,,,,-0.01,,340.81
rocket,2025-10-30T02:12:27.927Z,2024-ASI-ROCKETRY-036,2025-10-29 19:37:35,,1257,-122.43,1004.91,2024-ASI-ROCKETRY-036,2025-10-29 19:37:41,1259,-122.13,1004.97,30.91,0.01,07:42:06 IST,26.720929,84.303223,152.8,,-0.02,-0.04,0.06,,,,,,,-0.01,
rocket,2025-10-30T02:12:27.977Z,2024-ASI-ROCKETRY-036,2025-10-29 19:37:41,,1260,-122.13,1004.92024-ASI-ROCKETRY-036,2025-10-29 19:37:41,1261,-122.13,1004.97,30.91,0.01,07:42:06 IST,26.720929,84.303223,152.8,,-0.02,-0.04,-0.05,,,,,,,-0.01,,340.38
rocket,2025-10-30T02:12:28.099Z,2024-ASI-ROCKETRY-036,2025-10-29 19:37:41,,1262,-122.13,1004.2024-ASI-ROCKETRY-036,2025-10-29 19:37:48,1264,-121.64,1004.98,30.92,0.01,07:42:06 IST,26.720929,84.303223,152.8,,-0.02,,-0.05,,,,,,,-0.01,,340.38
rocket,2025-10-30T02:12:28.149Z,2024-ASI-ROCKETRY-036,2025-10-29 19:37:48,,1265,-121.64,1004.92024-ASI-ROCKETRY-036,2025-10-29 19:37:48,1266,-121.64,1004.98,30.92,0.01,07:42:06 IST,26.720929,84.303223,152.8,,-0.02,,-0.07,,,,,,,-0.01,,339.51
rocket,2025-10-30T02:12:28.376Z,2024-ASI-ROCKETRY-036,2025-10-29 19:37:48,,1267,-121.64,1004.92024-ASI-ROCKETRY-036,2025-10-29 19:37:55,1269,866.61,1004.83,30.89,0.02,07:42:06 IST,26.720929,84.303223,152.8,,84.83,22.02,-0.07,,,,,,,-0.01,,339.51
rocket,2025-10-30T02:12:41.501Z,2024-ASI-ROCKETRY-036,2025-10-29 19:37:55,,1272,866.61,1004.83,30.89,0.02,07:42:06 IST,26.720929,84.303223,152.8,,84.83,22.02,-148.12,,,,,-0.01,,351.92,,,,90.6,-10.49,-134.88
rocket,2025-10-30T02:12:45.449Z,2024-ASI-ROCKETRY-036,2025-10-29 19:38:01,,1273,866.61,1004.83,30.89,0.02,07:42:06 IST,26.720929,84.303223,152.8,,84.83,22.02,-148.12,,,,,-0.01,,351.92,,,,90.6,-10.49,-134.88
rocket,2025-10-30T02:12:45.480Z,2024-ASI-ROCKETRY-036,2025-10-29 19:38:01,,1274,590.26,887.73,30.88,0.02,07:42:06 IST,26.720929,84.303223,152.8,,84.83,22.02,-148.12,-55.84,204.68,-3.69,,-2.33,,351.92,,,,143.51,65.6,-150.21
rocket,2025-10-30T02:12:45.499Z,2024-ASI-ROCKETRY-036,2025-10-29 19:38:01,,1275,590.26,887.73,30.88,0.02,07:42:06 IST,26.720929,84.303223,152.8,,84.83,22.02,-148.12,-55.84,204.68,-3.69,,-2.33,,386.97,,,,143.51,65.6,-150.21
rocket,2025-10-30T02:12:45.532Z,2024-ASI-ROCKETRY-036,2025-10-29 19:38:01,,1276,590.26,887.73,30.88,0.02,07:42:06 IST,26.720929,84.303223,152.8,,84.83,22.02,41.58,-55.84,204.68,-3.69,1,-2.33,,386.97,,,,143.51,65.6,-150.21
rocket,2025-10-30T02:12:45.580Z,2024-ASI-ROCKETRY-036,2025-10-29 19:38:01,,1277,590.26,887.73,30.88,0.02,07:42:06 IST,26.720929,84.303223,152.8,,84.83,22.02,41.58,-55.84,204.68,-3.69,1,-2.33,,386.97,,,,143.51,65.6,-150.21
rocket,2025-10-30T02:12:45.614Z,2024-ASI-ROCKETRY-036,2025-10-29 19:38:08,,1278,590.26,887.73,30.88,0.02,07:42:40 IST,26.720929,84.303223,152.8,,84.83,22.02,41.58,-55.84,204.68,-3.69,1,-2.33,,386.97,,,,143.51,65.6,-150.21
rocket,2025-10-30T02:12:45.622Z,2024-ASI-ROCKETRY-036,2025-10-29 19:38:08,,1279,-375.94,923.42,30.89,0.01,07:42:40 IST,26.720929,84.303223,152.8,,-38.31,11.23,41.58,36.82,-54.61,10.63,1,-0.01,,386.97,,,,-100.47,-19.08,138.19
rocket,2025-10-30T02:12:45.641Z,2024-ASI-ROCKETRY-036,2025-10-29 19:38:08,,1280,-375.94,923.42,30.89,0.01,07:42:40 IST,26.720929,84.303223,152.8,,-38.31,11.23,41.58,36.82,-54.61,10.63,1,-0.01,1.27,407.06,2.45,,,-100.47,-19.08,138.19
rocket,2025-10-30T02:12:45.702Z,2024-ASI-ROCKETRY-036,2025-10-29 19:38:08,,1281,-375.94,923.42,30.89,0.01,07:42:40 IST,26.720929,84.303223,152.8,,-38.31,11.23,133.21,36.82,-54.61,10.63,1,-0.01,1.27,407.06,2.45,,,-100.47,-19.08,138.19
rocket,2025-10-30T02:12:46.497Z,2024-ASI-ROCKETRY-036,2025-10-29 19:38:08,,1282,-375.94,923.42,30.89,0.01,07:42:40 IST,26.720929,84.303223,152.8,,-38.31,11.23,133.21,36.82,-54.61,10.63,1,-0.01,1.27,407.06,2.45,,,-100.47,-19.08,138.19
rocket,2025-10-30T02:12:47.785Z,2024-ASI-ROCKETRY-036,2025-10-29 19:38:15,,1283,-375.94,923.42,30.89,0.01,07:42:40 IST,26.720929,84.303223,152.8,,-38.31,11.23,133.21,36.82,-54.61,10.63,1,-0.01,1.27,407.06,2.45,,,-100.47,-19.08,138.19
rocket,2025-10-30T02:12:48.929Z,2024-ASI-ROCKETRY-036,2025-10-29 19:38:15,,1284,-412.25,927.78,30.91,0.01,07:42:40 IST,26.720929,84.303223,152.8,,-0.06,0.3,133.21,49.46,-62.11,-0.22,1,-0.01,1.27,407.06,2.45,,,-99.65,-18.75,141.48
rocket,2025-10-30T02:12:50.028Z,2024-ASI-ROCKETRY-036,2025-10-29 19:38:15,,1285,-412.25,927.78,30.91,0.01,07:42:40 IST,26.720929,84.303223,152.8,,-0.06,0.3,133.21,49.46,-62.11,-0.22,1,-0.01,,383.08,,,,-99.65,-18.75,141.48
rocket,2025-10-30T02:12:52.114Z,2024-ASI-ROCKETRY-036,2025-10-29 19:38:15,,1286,-412.25,927.78,30.91,0.01,07:42:40 IST,26.720929,84.303223,152.8,,-0.06,0.3,5.46,49.46,-62.11,-0.22,1,-0.01,,383.08,,,,-99.65,-18.75,141.48
rocket,2025-10-30T02:12:53.165Z,2024-ASI-ROCKETRY-036,2025-10-29 19:38:15,,1287,-412.25,927.78,30.91,0.01,07:42:40 IST,26.720929,84.303223,152.8,,-0.06,0.3,5.46,49.46,-62.11,-0.22,1,-0.01,,383.08,,,,-99.65,-18.75,141.48
rocket,2025-10-30T02:12:54.434Z,2024-ASI-ROCKETRY-036,2025-10-29 19:38:22,,1288,-412.25,927.78,30.91,0.01,07:42:40 IST,26.720929,84.303223,152.8,,-0.06,0.3,5.46,49.46,-62.11,-0.22,1,-0.01,,383.08,,,,-99.65,-18.75,141.48
rocket,2025-10-30T02:12:55.613Z,2024-ASI-ROCKETRY-036,2025-10-29 19:38:22,,1289,-448.2,931.99,30.89,0.01,07:42:40 IST,26.720929,84.303223,152.8,,0.05,0.23,5.46,1.45,-10.52,-3.13,1,-0.01,,383.08,,,,-111.06,-11.97,-67.6
rocket,2025-10-30T02:12:56.685Z,2024-ASI-ROCKETRY-036,2025-10-29 19:38:22,,1290,-448.2,931.99,30.89,0.01,07:42:40 IST,26.720929,84.303223,152.8,,0.05,0.23,5.46,1.45,-10.52,-3.13,1,-0.01,,363.53,,,,-111.06,-11.97,-67.6
rocket,2025-10-30T02:12:58.793Z,2024-ASI-ROCKETRY-036,2025-10-29 19:38:22,,1291,-448.2,931.99,30.89,0.01,07:42:40 IST,26.720929,84.303223,152.8,,0.05,0.23,5.41,1.45,-10.52,-3.13,1,-0.01,,363.53,,,,-111.06,-11.97,-67.6
rocket,2025-10-30T02:13:00.225Z,2024-ASI-ROCKETRY-036,2025-10-29 19:38:22,,1292,-448.2,931.99,30.89,0.01,07:42:40 IST,26.720929,84.303223,152.8,,0.05,0.23,5.41,1.45,-10.52,-3.13,1,-0.01,,363.53,,,,-111.06,-11.97,-67.6
rocket,2025-10-30T02:13:07.090Z,2024-ASI-ROCKETRY-036,2025-10-29 19:38:28,,1293,-448.2,931.99,30.89,0.01,07:43:00 IST,26.720929,84.303223,152.8,,0.05,0.23,5.41,1.45,-10.52,-3.13,1,-0.01,,363.53,,,,-111.06,-11.97,-67.6
rocket,2025-10-30T02:13:07.126Z,2024-ASI-ROCKETRY-036,2025-10-29 19:38:28,,1294,-483.02,936.02,30.87,0.01,07:43:00 IST,26.720929,84.303223,152.8,,0.05,0.23,5.41,4.48,-49.35,-19.02,1,-3.83,,363.53,,,,-111.2,-11.92,-67.11
rocket,2025-10-30T02:13:07.146Z,2024-ASI-ROCKETRY-036,2025-10-29 19:38:28,,1295,-483.02,936.02,30.87,0.01,07:43:00 IST,26.720929,84.303223,152.8,,0.05,0.23,5.41,4.48,-49.35,-19.02,1,-3.83,,345.98,,,,-111.2,-11.92,-67.11
rocket,2025-10-30T02:13:07.191Z,2024-ASI-ROCKETRY-036,2025-10-29 19:38:28,,1296,-483.02,936.02,30.87,0.01,07:43:00 IST,26.720929,84.303223,152.8,,0.05,0.23,5.22,4.48,-49.35,-19.02,1,-3.83,,345.98,,,,-111.2,-11.92,-67.11
rocket,2025-10-30T02:13:07.225Z,2024-ASI-ROCKETRY-036,2025-10-29 19:38:28,,1297,-483.02,936.02,30.87,0.01,07:43:00 IST,26.720929,84.303223,152.8,,0.05,0.23,5.22,4.48,-49.35,-19.02,1,-3.83,,345.98,,,,-111.2,-11.92,-67.11
rocket,2025-10-30T02:13:07.742Z,2024-ASI-ROCKETRY-036,2025-10-29 19:38:35,,1298,-483.02,936.02,30.87,0.01,07:43:00 IST,26.720929,84.303223,152.8,,0.05,0.23,5.22,4.48,-49.35,-19.02,1,-3.83,,345.98,,,,-111.2,-11.92,-67.11
rocket,2025-10-30T02:13:08.885Z,2024-ASI-ROCKETRY-036,2025-10-29 19:38:35,,1299,-520.57,939.83,30.87,0.01,07:43:00 IST,26.720929,84.303223,152.8,,-0.19,-0.04,5.22,2.46,4.25,-1.12,1,-0.01,,345.98,,,,-107.49,-17.89,-93.79
rocket,2025-10-30T02:13:10.019Z,2024-ASI-ROCKETRY-036,2025-10-29 19:38:35,,1300,-520.57,939.83,30.87,0.01,07:43:00 IST,26.720929,84.303223,152.8,,-0.19,-0.04,5.22,2.46,4.25,-1.12,1,-0.01,,335.13,,,,-107.49,-17.89,-93.79
rocket,2025-10-30T02:13:12.073Z,2024-ASI-ROCKETRY-036,2025-10-29 19:38:35,,1301,-520.57,939.83,30.87,0.01,07:43:00 IST,26.720929,84.303223,152.8,,-0.19,-0.04,5.66,2.46,4.25,-1.12,1,-0.01,,335.13,,,,-107.49,-17.89,-93.79
rocket,2025-10-30T02:13:13.098Z,2024-ASI-ROCKETRY-036,2025-10-29 19:38:35,,1302,-520.57,939.83,30.87,0.01,07:43:00 IST,26.720929,84.303223,152.8,,-0.19,-0.04,5.66,2.46,4.25,-1.12,1,-0.01,,335.13,,,,-107.49,-17.89,-93.79
rocket,2025-10-30T02:13:14.394Z,2024-ASI-ROCKETRY-036,2025-10-29 19:38:42,,1303,-520.57,939.83,30.87,0.01,07:43:00 IST,26.720929,84.303223,152.8,,-0.19,-0.04,5.66,2.46,4.25,-1.12,1,-0.01,,335.13,,,,-107.49,-17.89,-93.79
rocket,2025-10-30T02:13:15.580Z,2024-ASI-ROCKETRY-036,2025-10-29 19:38:42,,1304,-556.78,943.9,30.85,0.01,07:43:00 IST,26.720929,84.303223,152.8,,-0.18,-0.05,5.66,2.35,4.81,-0.9,1,-0.01,,335.13,,,,-105.63,-21.5,-79.61
rocket,2025-10-30T02:13:16.677Z,2024-ASI-ROCKETRY-036,2025-10-29 19:38:42,,1305,-556.78,943.9,30.85,0.01,07:43:00 IST,26.720929,84.303223,152.8,,-0.18,-0.05,5.66,2.35,4.81,-0.9,1,-0.01,,329.35,,,,-105.63,-21.5,-79.61
rocket,2025-10-30T02:13:18.769Z,2024-ASI-ROCKETRY-036,2025-10-29 19:38:42,,1306,-556.78,943.9,30.85,0.01,07:43:00 IST,26.720929,84.303223,152.8,,-0.18,-0.05,5.45,2.35,4.81,-0.9,1,-0.01,,329.35,,,,-105.63,-21.5,-79.61
rocket,2025-10-30T02:13:19.807Z,2024-ASI-ROCKETRY-036,2025-10-29 19:38:42,,1307,-556.78,943.9,30.85,0.01,07:43:00 IST,26.720929,84.303223,152.8,,-0.18,-0.05,5.45,2.35,4.81,-0.9,1,-0.01,,329.35,,,,-105.63,-21.5,-79.61
rocket,2025-10-30T02:13:21.086Z,2024-ASI-ROCKETRY-036,2025-10-29 19:38:48,,1308,-556.78,943.9,30.85,0.01,07:43:20 IST,26.720929,84.303223,152.8,,-0.18,-0.05,5.45,2.35,4.81,-0.9,1,-0.01,,329.35,,,,-105.63,-21.5,-79.61
rocket,2025-10-30T02:13:22.239Z,2024-ASI-ROCKETRY-036,2025-10-29 19:38:48,,1309,-592.71,947.96,30.86,0.02,07:43:20 IST,26.720929,84.303223,152.8,,0.68,0.14,5.45,-8.39,55.95,13.43,1,-0.01,,329.35,,,,-110.6,-9.6,-131.4
rocket,2025-10-30T02:13:23.342Z,2024-ASI-ROCKETRY-036,2025-10-29 19:38:48,,1310,-592.71,947.96,30.86,0.02,07:43:20 IST,26.720929,84.303223,152.8,,0.68,0.14,5.45,-8.39,55.95,13.43,1,-0.01,,325.29,,,,-110.6,-9.6,-131.4
rocket,2025-10-30T02:13:25.443Z,2024-ASI-ROCKETRY-036,2025-10-29 19:38:48,,1311,-592.71,947.96,30.86,0.02,07:43:20 IST,26.720929,84.303223,152.8,,0.68,0.14,5.36,-8.39,55.95,13.43,1,-0.01,,325.29,,,,-110.6,-9.6,-131.4
rocket,2025-10-30T02:13:26.450Z,2024-ASI-ROCKETRY-036,2025-10-29 19:38:48,,1312,-592.71,947.96,30.86,0.02,07:43:20 IST,26.720929,84.303223,152.8,,0.68,0.14,5.36,-8.39,55.95,13.43,1,-0.01,,325.29,,,,-110.6,-9.6,-131.4
rocket,2025-10-30T02:13:27.744Z,2024-ASI-ROCKETRY-036,2025-10-29 19:38:55,,1313,-592.71,947.96,30.86,0.02,07:43:20 IST,26.720929,84.303223,152.8,,0.68,0.14,5.36,-8.39,55.95,13.43,1,-0.01,,325.29,,,,-110.6,-9.6,-131.4
rocket,2025-10-30T02:13:29.017Z,2024-ASI-ROCKETRY-036,2025-10-29 19:38:55,,1314,-628.77,951.96,30.85,0.01,07:43:20 IST,26.720929,84.303223,152.8,,0.49,0.16,5.36,-5.37,49.13,11.41,1,-0.01,,325.29,,,,-107.68,-14.75,-50.03
rocket,2025-10-30T02:13:39.609Z,2024-ASI-ROCKETRY-036,2025-10-29 19:38:55,,1316,-628.77,951.96,30.85,0.01,07:43:20 IST,26.720929,84.303223,152.8,,0.49,0.16,5.41,-5.37,49.13,11.41,1,-0.01,,324.38,,,,-107.68,-14.75,-50.03
rocket,2025-10-30T02:13:39.886Z,2024-ASI-ROCKETRY-036,2025-10-29 19:38:55,,1317,-628.77,951.96,30.85,0.01,07:43:20 IST,26.720929,84.303223,152.8,,0.49,0.16,5.41,-5.37,49.13,11.41,1,-0.01,,324.38,,,,-107.68,-14.75,-50.03
rocket,2025-10-30T02:13:39.911Z,2024-ASI-ROCKETRY-036,2025-10-29 19:39:02,,1318,-628.77,951.96,30.85,0.01,07:43:20 IST,26.720929,84.303223,152.8,,0.49,0.16,5.41,-5.37,49.13,11.41,1,-0.01,,324.38,,,,-107.68,-14.75,-50.03
rocket,2025-10-30T02:13:39.969Z,2024-ASI-ROCKETRY-036,2025-10-29 19:39:02,,1319,-664.39,955.97,30.85,0.01,07:43:20 IST,26.720929,84.303223,152.8,,-0.14,-0.04,5.41,7.5,-21.71,-12.53,1,-0.01,,324.38,,,,-113.28,-15.81,26.63
rocket,2025-10-30T02:13:39.998Z,2024-ASI-ROCKETRY-036,2025-10-29 19:39:02,,1320,-664.39,955.97,30.85,0.01,07:43:20 IST,26.720929,84.303223,152.8,,-0.14,-0.04,5.41,7.5,-21.71,-12.53,1,-0.01,,323.01,,,,-113.28,-15.81,26.63
rocket,2025-10-30T02:13:40.021Z,2024-ASI-ROCKETRY-036,2025-10-29 19:39:02,,1321,-664.39,955.97,30.85,0.01,07:43:20 IST,26.720929,84.303223,152.8,,-0.14,-0.04,5.36,7.5,-21.71,-12.53,1,-0.01,,323.01,,,,-113.28,-15.81,26.63
rocket,2025-10-30T02:13:40.074Z,2024-ASI-ROCKETRY-036,2025-10-29 19:39:02,,1322,-664.39,955.97,30.85,0.01,07:43:20 IST,26.720929,84.303223,152.8,,-0.14,-0.04,5.36,7.5,-21.71,-12.53,1,-0.01,,323.01,,,,-113.28,-15.81,26.63
rocket,2025-10-30T02:13:41.091Z,2024-ASI-ROCKETRY-036,2025-10-29 19:39:08,,1323,-664.39,955.97,30.85,0.01,07:43:40 IST,26.720929,84.303223,152.8,,-0.14,-0.04,5.36,7.5,-21.71,-12.53,1,-0.01,,323.01,,,,-113.28,-15.81,26.63
rocket,2025-10-30T02:13:42.196Z,2024-ASI-ROCKETRY-036,2025-10-29 19:39:08,,1324,-698.14,959.95,30.86,0.01,07:43:40 IST,26.720929,84.303223,152.8,,0.05,-0.18,5.36,7.95,-22.72,-13.2,1,-0.01,,323.01,,,,-109.74,-19.23,-10.54
rocket,2025-10-30T02:13:43.314Z,2024-ASI-ROCKETRY-036,2025-10-29 19:39:08,,1325,-698.14,959.95,30.86,0.01,07:43:40 IST,26.720929,84.303223,152.8,,0.05,-0.18,5.36,7.95,-22.72,-13.2,1,-0.01,,321.63,,,,-109.74,-19.23,-10.54
rocket,2025-10-30T02:13:45.385Z,2024-ASI-ROCKETRY-036,2025-10-29 19:39:08,,1326,-698.14,959.95,30.86,0.01,07:43:40 IST,26.720929,84.303223,152.8,,0.05,-0.18,5.07,7.95,-22.72,-13.2,1,-0.01,,321.63,,,,-109.74,-19.23,-10.54
rocket,2025-10-30T02:13:46.415Z,2024-ASI-ROCKETRY-036,2025-10-29 19:39:08,,1327,-698.14,959.95,30.86,0.01,07:43:40 IST,26.720929,84.303223,152.8,,0.05,-0.18,5.07,7.95,-22.72,-13.2,1,-0.01,,321.63,,,,-109.74,-19.23,-10.54
rocket,2025-10-30T02:13:47.700Z,2024-ASI-ROCKETRY-036,2025-10-29 19:39:15,,1328,-698.14,959.95,30.86,0.01,07:43:40 IST,26.720929,84.303223,152.8,,0.05,-0.18,5.07,7.95,-22.72,-13.2,1,-0.01,,321.63,,,,-109.74,-19.23,-10.54
rocket,2025-10-30T02:13:48.839Z,2024-ASI-ROCKETRY-036,2025-10-29 19:39:15,,1329,-732.63,963.75,30.85,0.01,07:43:40 IST,26.720929,84.303223,152.8,,0.05,-0.18,5.07,-1.01,11.19,4.36,1,-0.01,,321.63,,,,-108.96,-16.39,-31.33
rocket,2025-10-30T02:13:49.937Z,2024-ASI-ROCKETRY-036,2025-10-29 19:39:15,,1330,-732.63,963.75,30.85,0.01,07:43:40 IST,26.720929,84.303223,152.8,,0.05,-0.18,5.07,-1.01,11.19,4.36,1,-0.01,,321.17,,,,-108.96,-16.39,-31.33
rocket,2025-10-30T02:13:52.046Z,2024-ASI-ROCKETRY-036,2025-10-29 19:39:15,,1331,-732.63,963.75,30.85,0.01,07:43:40 IST,26.720929,84.303223,152.8,,0.05,-0.18,5.18,-1.01,11.19,4.36,1,-0.01,,321.17,,,,-108.96,-16.39,-31.33
rocket,2025-10-30T02:13:53.052Z,2024-ASI-ROCKETRY-036,2025-10-29 19:39:15,,1332,-732.63,963.75,30.85,0.01,07:43:40 IST,26.720929,84.303223,152.8,,0.05,-0.18,5.18,-1.01,11.19,4.36,1,-0.01,,321.17,,,,-108.96,-16.39,-31.33
rocket,2025-10-30T02:13:54.368Z,2024-ASI-ROCKETRY-036,2025-10-29 19:39:22,,1333,-732.63,963.75,30.85,0.01,07:43:40 IST,26.720929,84.303223,152.8,,0.05,-0.18,5.18,-1.01,11.19,4.36,1,-0.01,,321.17,,,,-108.96,-16.39,-31.33
rocket,2025-10-30T02:13:55.485Z,2024-ASI-ROCKETRY-036,2025-10-29 19:39:22,,1334,-767.6,967.68,30.85,0.01,07:43:40 IST,26.720929,84.303223,152.8,,0.05,-0.18,5.18,3.69,-4.48,-7.72,1,-0.01,,321.17,,,,-108.87,-16.31,-31.84
rocket,2025-10-30T02:13:56.584Z,2024-ASI-ROCKETRY-036,2025-10-29 19:39:22,,1335,-767.6,967.68,30.85,0.01,07:43:40 IST,26.720929,84.303223,152.8,,0.05,-0.18,5.18,3.69,-4.48,-7.72,1,-0.01,,320.71,,,,-108.87,-16.31,-31.84
rocket,2025-10-30T02:13:58.671Z,2024-ASI-ROCKETRY-036,2025-10-29 19:39:22,,1336,-767.6,967.68,30.85,0.01,07:43:40 IST,26.720929,84.303223,152.8,,0.05,-0.18,5.26,3.69,-4.48,-7.72,1,-0.01,,320.71,,,,-108.87,-16.31,-31.84
rocket,2025-10-30T02:13:59.706Z,2024-ASI-ROCKETRY-036,2025-10-29 19:39:22,,1337,-767.6,967.68,30.85,0.01,07:43:40 IST,26.720929,84.303223,152.8,,0.05,-0.18,5.26,3.69,-4.48,-7.72,1,-0.01,,320.71,,,,-108.87,-16.31,-31.84
rocket,2025-10-30T02:14:01.010Z,2024-ASI-ROCKETRY-036,2025-10-29 19:39:28,,1338,-767.6,967.68,30.85,0.01,07:43:40 IST,26.720929,84.303223,152.8,,0.05,-0.18,5.26,3.69,-4.48,-7.72,1,-0.01,,320.71,,,,-108.87,-16.31,-31.84
rocket,2025-10-30T02:14:09.706Z,2024-ASI-ROCKETRY-036,2025-10-29 19:39:28,,1339,-801.61,971.55,30.88,0.01,07:43:40 IST,26.720929,84.303223,152.8,,0.04,0.04,5.26,8.06,-23.05,-8.84,1,-0.01,,320.71,,,,-111.24,-19.36,73.04
cansat,2025-10-30T02:04:47.192Z,2024-ASI-ROCKET-036,,2000-01-01 00:00:00,1680,-0.56,1005.03,22.71,6.89,,,,,,-0.06,-0.03,-0.06,,,,,,,571.89,59.34,,,0.04,-10.73,101.54
cansat,2025-10-30T02:04:48.208Z,2024-ASI-ROCKET-036,,2000-01-01 00:00:00,1681,-0.56,1005.03,22.71,6.89,,,,,,-0.06,-0.03,-0.06,,,,,,,571.89,59.34,,,0.04,-10.73,101.54
cansat,2025-10-30T02:04:49.425Z,2024-ASI-ROCKET-036,,2000-01-01 00:00:00,1682,-0.56,1005.03,22.71,6.89,,,,,,-0.06,-0.03,-0.06,,,,,,,571.89,59.34,,,0.04,-10.73,101.54
cansat,2025-10-30T02:04:50.522Z,2024-ASI-ROCKET-036,,2000-01-01 00:00:00,1683,-0.93,1004.95,22.73,6.89,,,,,,0.01,-0.02,-0.06,,,,,,,571.89,59.34,,,0.04,-10.73,101.54
cansat,2025-10-30T02:04:51.538Z,2024-ASI-ROCKET-036,,2000-01-01 00:00:00,1684,-0.93,1004.95,22.73,6.89,,,,,,0.01,-0.02,-0.06,,,,,,,571.58,59.23,,,0.04,-10.73,101.54
cansat,2025-10-30T02:04:53.554Z,2024-ASI-ROCKET-036,,2000-01-01 00:00:00,1685,-0.93,1004.95,22.73,6.89,,,,,,0.01,-0.02,0.06,,,,,,,571.58,59.23,,,0.04,-10.73,101.54
cansat,2025-10-30T02:04:54.570Z,2024-ASI-ROCKET-036,,2000-01-01 00:00:00,1686,-0.93,1004.95,22.73,6.89,,,,,,0.01,-0.02,0.06,,,,,,,571.58,59.23,,,0.04,-10.73,101.54
cansat,2025-10-30T02:04:55.787Z,2024-ASI-ROCKET-036,,2000-01-01 00:00:00,1687,-0.93,1004.95,22.73,6.89,,,,,,0.01,-0.02,0.06,,,,,,,571.58,59.23,,,0.04,-10.73,101.54
cansat,2025-10-30T02:04:56.851Z,2024-ASI-ROCKET-036,,2000-01-01 00:00:00,1688,-0.56,1005.02,22.72,6.89,,,,,,-0.04,0.01,0.06,,,,,,,571.58,59.23,,,0.04,-10.73,101.54
cansat,2025-10-30T02:04:57.867Z,2024-ASI-ROCKET-036,,2000-01-01 00:00:00,1689,-0.56,1005.02,22.72,6.89,,,,,,-0.04,0.01,0.06,,,,,,,572.21,59.45,,,0.04,-10.73,101.54
cansat,2025-10-30T02:04:59.883Z,2024-ASI-ROCKET-036,,2000-01-01 00:00:00,1690,-0.56,1005.02,22.72,6.89,,,,,,-0.04,0.01,-0.06,,,,,,,572.21,59.45,,,0.04,-10.73,101.54
cansat,2025-10-30T02:05:00.899Z,2024-ASI-ROCKET-036,,2000-01-01 00:00:00,1691,-0.56,1005.02,22.72,6.89,,,,,,-0.04,0.01,-0.06,,,,,,,572.21,59.45,,,0.04,-10.73,101.54
cansat,2025-10-30T02:05:02.116Z,2024-ASI-ROCKET-036,,2000-01-01 00:00:00,1692,-0.56,1005.02,22.72,6.89,,,,,,-0.04,0.01,-0.06,,,,,,,572.21,59.45,,,0.04,-10.73,101.54
cansat,2025-10-30T02:05:03.183Z,2024-ASI-ROCKET-036,,2000-01-01 00:00:00,1693,-1.03,1004.99,22.73,6.89,,,,,,0.01,0.01,-0.06,,,,,,,572.21,59.45,,,,-10.73,101.58
cansat,2025-10-30T02:05:04.199Z,2024-ASI-ROCKET-036,,2000-01-01 00:00:00,1694,-1.03,1004.99,22.73,6.89,,,,,,0.01,0.01,-0.06,,,,,,,572.21,59.45,,,,-10.73,101.58
cansat,2025-10-30T02:05:06.215Z,2024-ASI-ROCKET-036,,2000-01-01 00:00:00,1695,-1.03,1004.99,22.73,6.89,,,,,,0.01,0.01,0.07,,,,,,,572.21,59.45,,,,-10.73,101.58
cansat,2025-10-30T02:05:07.231Z,2024-ASI-ROCKET-036,,2000-01-01 00:00:00,1696,-1.03,1004.99,22.73,6.89,,,,,,0.01,0.01,0.07,,,,,,,572.21,59.45,,,,-10.73,101.58
cansat,2025-10-30T02:05:08.466Z,2024-ASI-ROCKET-036,,2000-01-01 00:00:00,1697,-1.03,1004.99,22.73,6.89,,,,,,0.01,0.01,0.07,,,,,,,572.21,59.45,,,,-10.73,101.58
cansat,2025-10-30T02:05:09.547Z,2024-ASI-ROCKET-036,,2000-01-01 00:00:00,1698,-0.19,1005.01,22.72,6.89,,,,,,-0.03,0.02,0.07,,,,,,,572.21,59.45,,,-0.01,-10.74,101.6
cansat,2025-10-30T02:05:10.563Z,2024-ASI-ROCKET-036,,2000-01-01 00:00:00,1699,-0.19,1005.01,22.72,6.89,,,,,,-0.03,0.02,0.07,,,,,,,571.89,59.34,,,-0.01,-10.74,101.6
cansat,2025-10-30T02:05:12.580Z,2024-ASI-ROCKET-036,,2000-01-01 00:00:00,1700,-0.19,1005.01,22.72,6.89,,,,,,-0.03,0.02,-0.13,,,,,,,571.89,59.34,,,-0.01,-10.74,101.6
cansat,2025-10-30T02:05:13.596Z,2024-ASI-ROCKET-036,,2000-01-01 00:00:00,1701,-0.19,1005.01,22.72,6.89,,,,,,-0.03,0.02,-0.13,,,,,,,571.89,59.34,,,-0.01,-10.74,101.6
cansat,2025-10-30T02:05:14.812Z,2024-ASI-ROCKET-036,,2000-01-01 00:00:00,1702,-0.19,1005.01,22.72,6.89,,,,,,-0.03,0.02,-0.13,,,,,,,571.89,59.34,,,-0.01,-10.74,101.6
cansat,2025-10-30T02:05:15.875Z,2024-ASI-ROCKET-036,,2000-01-01 00:00:00,1703,-1.03,1004.97,22.74,6.89,,,,,,0.09,-0.03,-0.13,,,,,,,571.89,59.34,,,0.05,-10.72,101.53
cansat,2025-10-30T02:05:16.891Z,2024-ASI-ROCKET-036,,2000-01-01 00:00:00,1704,-1.03,1004.97,22.74,6.89,,,,,,0.09,-0.03,-0.13,,,,,,,571.89,59.34,,,0.05,-10.72,101.53
cansat,2025-10-30T02:05:18.925Z,2024-ASI-ROCKET-036,,2000-01-01 00:00:00,1705,-1.03,1004.97,22.74,6.89,,,,,,0.09,-0.03,0.13,,,,,,,571.89,59.34,,,0.05,-10.72,101.53
cansat,2025-10-30T02:05:19.923Z,2024-ASI-ROCKET-036,,2000-01-01 00:00:00,1706,-1.03,1004.97,22.74,6.89,,,,,,0.09,-0.03,0.13,,,,,,,571.89,59.34,,,0.05,-10.72,101.53
cansat,2025-10-30T02:05:21.140Z,2024-ASI-ROCKET-036,,2000-01-01 00:00:00,1707,-1.03,1004.97,22.74,6.89,,,,,,0.09,-0.03,0.13,,,,,,,571.89,59.34,,,0.05,-10.72,101.53
cansat,2025-10-30T02:05:22.223Z,2024-ASI-ROCKET-036,,2000-01-01 00:00:00,1708,-0.65,1005.01,22.73,6.89,,,,,,0.05,0.02,0.13,,,,,,,571.89,59.34,,,0.09,-10.7,101.53
cansat,2025-10-30T02:05:23.239Z,2024-ASI-ROCKET-036,,2000-01-01 00:00:00,1709,-0.65,1005.01,22.73,6.89,,,,,,0.05,0.02,0.13,,,,,,,571.27,59.12,,,0.09,-10.7,101.53
cansat,2025-10-30T02:05:25.255Z,2024-ASI-ROCKET-036,,2000-01-01 00:00:00,1710,-0.65,1005.01,22.73,6.89,,,,,,0.05,0.02,-0.06,,,,,,,571.27,59.12,,,0.09,-10.7,101.53
cansat,2025-10-30T02:05:26.273Z,2024-ASI-ROCKET-036,,2000-01-01 00:00:00,1711,-0.65,1005.01,22.73,6.89,,,,,,0.05,0.02,-0.06,,,,,,,571.27,59.12,,,0.09,-10.7,101.53
cansat,2025-10-30T02:05:27.488Z,2024-ASI-ROCKET-036,,2000-01-01 00:00:00,1712,-0.65,1005.01,22.73,6.89,,,,,,0.05,0.02,-0.06,,,,,,,571.27,59.12,,,0.09,-10.7,101.53
cansat,2025-10-30T02:05:28.557Z,2024-ASI-ROCKET-036,,2000-01-01 00:00:00,1713,-0.56,1005,22.73,6.89,,,,,,0.05,0.02,-0.06,,-0.34,0.11,,,,571.27,59.12,,,0.1,-10.66,101.52
cansat,2025-10-30T02:05:29.598Z,2024-ASI-ROCKET-036,,2000-01-01 00:00:00,1714,-0.56,1005,22.73,6.89,,,,,,0.05,0.02,-0.06,,-0.34,0.11,,,,572.21,59.45,,,0.1,-10.66,101.52
cansat,2025-10-30T02:05:31.603Z,2024-ASI-ROCKET-036,,2000-01-01 00:00:00,1715,-0.56,1005,22.73,6.89,,,,,,0.05,0.02,-0.01,,-0.34,0.11,,,,572.21,59.45,,,0.1,-10.66,101.52
cansat,2025-10-30T02:05:32.604Z,2024-ASI-ROCKET-036,,2000-01-01 00:00:00,1716,-0.56,1005,22.73,6.89,,,,,,0.05,0.02,-0.01,,-0.34,0.11,,,,572.21,59.45,,,0.1,-10.66,101.52
cansat,2025-10-30T02:05:33.821Z,2024-ASI-ROCKET-036,,2000-01-01 00:00:00,1717,-0.56,1005,22.73,6.89,,,,,,0.05,0.02,-0.01,,-0.34,0.11,,,,572.21,59.45,,,0.1,-10.66,101.52
cansat,2025-10-30T02:05:34.885Z,2024-ASI-ROCKET-036,,2000-01-01 00:00:00,1718,-0.75,1004.99,22.73,6.89,,,,,,0.04,0.02,-0.01,-0.11,0.11,0.11,,,,572.21,59.45,,,0.08,-10.67,101.53
cansat,2025-10-30T02:05:35.902Z,2024-ASI-ROCKET-036,,2000-01-01 00:00:00,1719,-0.75,1004.99,22.73,6.89,,,,,,0.04,0.02,-0.01,-0.11,0.11,0.11,,,,572.21,59.45,,,0.08,-10.67,101.53
cansat,2025-10-30T02:05:37.917Z,2024-ASI-ROCKET-036,,2000-01-01 00:00:00,1720,-0.75,1004.99,22.73,6.89,,,,,,0.04,0.02,0.03,-0.11,0.11,0.11,,,,572.21,59.45,,,0.08,-10.67,101.53
cansat,2025-10-30T02:05:38.932Z,2024-ASI-ROCKET-036,,2000-01-01 00:00:00,1721,-0.75,1004.99,22.73,6.89,,,,,,0.04,0.02,0.03,-0.11,0.11,0.11,,,,572.21,59.45,,,0.08,-10.67,101.53
cansat,2025-10-30T02:05:40.149Z,2024-ASI-ROCKET-036,,2000-01-01 00:00:00,1722,-0.75,1004.99,22.73,6.89,,,,,,0.04,0.02,0.03,-0.11,0.11,0.11,,,,572.21,59.45,,,0.08,-10.67,101.53
cansat,2025-10-30T02:05:41.268Z,2024-ASI-ROCKET-036,,2000-01-01 00:00:00,1723,-1.4,1004.89,22.74,6.89,,,,,,0.04,,0.03,,,,,,,572.21,59.45,,,0.08,-10.67,101.53
cansat,2025-10-30T02:05:42.284Z,2024-ASI-ROCKET-036,,2000-01-01 00:00:00,1724,-1.4,1004.89,22.74,6.89,,,,,,0.04,,0.03,,,,,,,571.89,59.34,,,0.08,-10.67,101.53
cansat,2025-10-30T02:05:44.312Z,2024-ASI-ROCKET-036,,2000-01-01 00:00:00,1725,-1.4,1004.89,22.74,6.89,,,,,,0.04,,0.1,,,,,,,571.89,59.34,,,0.08,-10.67,101.53
cansat,2025-10-30T02:05:45.317Z,2024-ASI-ROCKET-036,,2000-01-01 00:00:00,1726,-1.4,1004.89,22.74,6.89,,,,,,0.04,,0.1,,,,,,,571.89,59.34,,,0.08,-10.67,101.53
cansat,2025-10-30T02:05:46.533Z,2024-ASI-ROCKET-036,,2000-01-01 00:00:00,1727,-1.4,1004.89,22.74,6.89,,,,,,0.04,,0.1,,,,,,,571.89,59.34,,,0.08,-10.67,101.53
cansat,2025-10-30T02:05:47.612Z,2024-ASI-ROCKET-036,,2000-01-01 00:00:00,1728,-1.22,1004.95,22.73,6.89,,,,,,-0.03,-0.04,0.1,-0.22,0.11,-0.11,,,,571.89,59.34,,,0.06,-10.66,101.54
cansat,2025-10-30T02:05:48.618Z,2024-ASI-ROCKET-036,,2000-01-01 00:00:00,1729,-1.22,1004.95,22.73,6.89,,,,,,-0.03,-0.04,0.1,-0.22,0.11,-0.11,,,,571.89,59.34,,,0.06,-10.66,101.54
cansat,2025-10-30T02:05:50.634Z,2024-ASI-ROCKET-036,,2000-01-01 00:00:00,1730,-1.22,1004.95,22.73,6.89,,,,,,-0.03,-0.04,-0.03,-0.22,0.11,-0.11,,,,571.89,59.34,,,0.06,-10.66,101.54
cansat,2025-10-30T02:05:51.650Z,2024-ASI-ROCKET-036,,2000-01-01 00:00:00,1731,-1.22,1004.95,22.73,6.89,,,,,,-0.03,-0.04,-0.03,-0.22,0.11,-0.11,,,,571.89,59.34,,,0.06,-10.66,101.54
cansat,2025-10-30T02:05:52.867Z,2024-ASI-ROCKET-036,,2000-01-01 00:00:00,1732,-1.22,1004.95,22.73,6.89,,,,,,-0.03,-0.04,-0.03,-0.22,0.11,-0.11,,,,571.89,59.34,,,0.06,-10.66,101.54
cansat,2025-10-30T02:05:53.982Z,2024-ASI-ROCKET-036,,2000-01-01 00:00:00,1733,-0.37,1004.94,22.73,6.89,,,,,,0.05,,-0.03,-0.22,-0.11,0.11,,,,571.89,59.34,,,0.07,-10.65,101.58
cansat,2025-10-30T02:05:55.025Z,2024-ASI-ROCKET-036,,2000-01-01 00:00:00,1734,-0.37,1004.94,22.73,6.89,,,,,,0.05,,-0.03,-0.22,-0.11,0.11,,,,571.89,59.34,,,0.07,-10.65,101.58
cansat,2025-10-30T02:05:56.990Z,2024-ASI-ROCKET-036,,2000-01-01 00:00:00,1735,-0.37,1004.94,22.73,6.89,,,,,,0.05,,-0.13,-0.22,-0.11,0.11,,,,571.89,59.34,,,0.07,-10.65,101.58
cansat,2025-10-30T02:05:58.003Z,2024-ASI-ROCKET-036,,2000-01-01 00:00:00,1736,-0.37,1004.94,22.73,6.89,,,,,,0.05,,-0.13,-0.22,-0.11,0.11,,,,571.89,59.34,,,0.07,-10.65,101.58
cansat,2025-10-30T02:05:59.236Z,2024-ASI-ROCKET-036,,2000-01-01 00:00:00,1737,-0.37,1004.94,22.73,6.89,,,,,,0.05,,-0.13,-0.22,-0.11,0.11,,,,571.89,59.34,,,0.07,-10.65,101.58
cansat,2025-10-30T02:06:00.295Z,2024-ASI-ROCKET-036,,2000-01-01 00:00:00,1738,-0.28,1005.01,22.74,6.89,,,,,,-0.1,0.01,-0.13,-0.22,-0.11,0.11,,,,571.89,59.34,,,0.09,-10.65,101.61
cansat,2025-10-30T02:06:01.311Z,2024-ASI-ROCKET-036,,2000-01-01 00:00:00,1739,-0.28,1005.01,22.74,6.89,,,,,,-0.1,0.01,-0.13,-0.22,-0.11,0.11,,,,571.27,59.12,,,0.09,-10.65,101.61
cansat,2025-10-30T02:06:03.332Z,2024-ASI-ROCKET-036,,2000-01-01 00:00:00,1740,-0.28,1005.01,22.74,6.89,,,,,,-0.1,0.01,-0.01,-0.22,-0.11,0.11,,,,571.27,59.12,,,0.09,-10.65,101.61
cansat,2025-10-30T02:06:04.343Z,2024-ASI-ROCKET-036,,2000-01-01 00:00:00,1741,-0.28,1005.01,22.74,6.89,,,,,,-0.1,0.01,-0.01,-0.22,-0.11,0.11,,,,571.27,59.12,,,0.09,-10.65,101.61
cansat,2025-10-30T02:06:05.560Z,2024-ASI-ROCKET-036,,2000-01-01 00:00:00,1742,-0.28,1005.01,22.74,6.89,,,,,,-0.1,0.01,-0.01,-0.22,-0.11,0.11,,,,571.27,59.12,,,0.09,-10.65,101.61
cansat,2025-10-30T02:06:06.620Z,2024-ASI-ROCKET-036,,2000-01-01 00:00:00,1743,-0.84,1004.9,22.74,6.89,,,,,,-0.1,0.01,-0.01,,,,,,,571.27,59.12,,,0.09,-10.65,101.61
cansat,2025-10-30T02:06:07.636Z,2024-ASI-ROCKET-036,,2000-01-01 00:00:00,1744,-0.84,1004.9,22.74,6.89,,,,,,-0.1,0.01,-0.01,,,,,,,571.27,59.12,,,0.09,-10.65,101.61
cansat,2025-10-30T02:06:09.652Z,2024-ASI-ROCKET-036,,2000-01-01 00:00:00,1745,-0.84,1004.9,22.74,6.89,,,,,,-0.1,0.01,0.09,,,,,,,571.27,59.12,,,0.09,-10.65,101.61
cansat,2025-10-30T02:06:10.667Z,2024-ASI-ROCKET-036,,2000-01-01 00:00:00,1746,-0.84,1004.9,22.74,6.89,,,,,,-0.1,0.01,0.09,,,,,,,571.27,59.12,,,0.09,-10.65,101.61
cansat,2025-10-30T02:06:11.908Z,2024-ASI-ROCKET-036,,2000-01-01 00:00:00,1747,-0.84,1004.9,22.74,6.89,,,,,,-0.1,0.01,0.09,,,,,,,571.27,59.12,,,0.09,-10.65,101.61
cansat,2025-10-30T02:06:12.952Z,2024-ASI-ROCKET-036,,2000-01-01 00:00:00,1748,-0.75,1004.91,22.74,6.89,,,,,,-0.1,0.01,0.09,,,,,,,571.27,59.12,,,0.09,-10.65,101.61
cansat,2025-10-30T02:06:13.985Z,2024-ASI-ROCKET-036,,2000-01-01 00:00:00,1749,-0.75,1004.91,22.74,6.89,,,,,,-0.1,0.01,0.09,,,,,,,571.27,59.12,,,0.09,-10.65,101.61
cansat,2025-10-30T02:06:16.019Z,2024-ASI-ROCKET-036,,2000-01-01 00:00:00,1750,-0.75,1004.91,22.74,6.89,,,,,,-0.1,0.01,-0.01,,,,,,,571.27,59.12,,,0.09,-10.65,101.61
cansat,2025-10-30T02:06:17.366Z,2024-ASI-ROCKET-036,,2000-01-01 00:00:00,1751,-0.75,1004.91,22.74,6.89,,,,,,-0.1,0.01,-0.01,,,,,,,571.27,59.12,,,0.09,-10.65,101.61
cansat,2025-10-30T02:06:18.214Z,2024-ASI-ROCKET-036,,2000-01-01 00:00:00,1752,-0.75,1004.91,22.74,6.89,,,,,,-0.1,0.01,-0.01,,,,,,,571.27,59.12,,,0.09,-10.65,101.61
cansat,2025-10-30T02:06:19.307Z,2024-ASI-ROCKET-036,,2000-01-01 00:00:00,1753,-1.21,1005,22.74,6.89,,,,,,-0.06,0.02,-0.01,,,,,,,571.27,59.12,,,0.09,-10.65,101.61
cansat,2025-10-30T02:06:20.306Z,2024-ASI-ROCKET-036,,2000-01-01 00:00:00,1754,-1.21,1005,22.74,6.89,,,,,,-0.06,0.02,-0.01,,,,,,,572.21,59.45,,,0.09,-10.65,101.61
cansat,2025-10-30T02:06:22.328Z,2024-ASI-ROCKET-036,,2000-01-01 00:00:00,1755,-1.21,1005,22.74,6.89,,,,,,-0.06,0.02,0.07,,,,,,,572.21,59.45,,,0.09,-10.65,101.61
cansat,2025-10-30T02:06:23.338Z,2024-ASI-ROCKET-036,,2000-01-01 00:00:00,1756,-1.21,1005,22.74,6.89,,,,,,-0.06,0.02,0.07,,,,,,,572.21,59.45,,,0.09,-10.65,101.61
cansat,2025-10-30T02:06:24.556Z,2024-ASI-ROCKET-036,,2000-01-01 00:00:00,1757,-1.21,1005,22.74,6.89,,,,,,-0.06,0.02,0.07,,,,,,,572.21,59.45,,,0.09,-10.65,101.61
cansat,2025-10-30T02:06:25.627Z,2024-ASI-ROCKET-036,,2000-01-01 00:00:00,1758,-0.37,1004.98,22.72,6.88,,,,,,-0.06,0.02,0.07,,-0.11,0.11,,,,572.21,59.45,,,0.06,-10.65,101.63
cansat,2025-10-30T02:06:26.660Z,2024-ASI-ROCKET-036,,2000-01-01 00:00:00,1759,-0.37,1004.98,22.72,6.88,,,,,,-0.06,0.02,0.07,,-0.11,0.11,,,,572.21,59.45,,,0.06,-10.65,101.63
cansat,2025-10-30T02:06:28.665Z,2024-ASI-ROCKET-036,,2000-01-01 00:00:00,1760,-0.37,1004.98,22.72,6.88,,,,,,-0.06,0.02,-0.13,,-0.11,0.11,,,,572.21,59.45,,,0.06,-10.65,101.63
cansat,2025-10-30T02:06:29.672Z,2024-ASI-ROCKET-036,,2000-01-01 00:00:00,1761,-0.37,1004.98,22.72,6.88,,,,,,-0.06,0.02,-0.13,,-0.11,0.11,,,,572.21,59.45,,,0.06,-10.65,101.63
cansat,2025-10-30T02:06:30.891Z,2024-ASI-ROCKET-036,,2000-01-01 00:00:00,1762,-0.37,1004.98,22.72,6.88,,,,,,-0.06,0.02,-0.13,,-0.11,0.11,,,,572.21,59.45,,,0.06,-10.65,101.63
cansat,2025-10-30T02:06:31.950Z,2024-ASI-ROCKET-036,,2000-01-01 00:00:00,1763,-0.84,1005.02,22.73,6.89,,,,,,0.04,0.01,-0.13,0.22,0.34,0.11,,,,572.21,59.45,,,0.08,-10.67,101.61
cansat,2025-10-30T02:06:32.965Z,2024-ASI-ROCKET-036,,2000-01-01 00:00:00,1764,-0.84,1005.02,22.73,6.89,,,,,,0.04,0.01,-0.13,0.22,0.34,0.11,,,,572.21,59.45,,,0.08,-10.67,101.61
cansat,2025-10-30T02:06:34.981Z,2024-ASI-ROCKET-036,,2000-01-01 00:00:00,1765,-0.84,1005.02,22.73,6.89,,,,,,0.04,0.01,0.07,0.22,0.34,0.11,,,,572.21,59.45,,,0.08,-10.67,101.61
cansat,2025-10-30T02:06:36.000Z,2024-ASI-ROCKET-036,,2000-01-01 00:00:00,1766,-0.84,1005.02,22.73,6.89,,,,,,0.04,0.01,0.07,0.22,0.34,0.11,,,,572.21,59.45,,,0.08,-10.67,101.61
cansat,2025-10-30T02:06:37.214Z,2024-ASI-ROCKET-036,,2000-01-01 00:00:00,1767,-0.84,1005.02,22.73,6.89,,,,,,0.04,0.01,0.07,0.22,0.34,0.11,,,,572.21,59.45,,,0.08,-10.67,101.61
cansat,2025-10-30T02:06:38.282Z,2024-ASI-ROCKET-036,,2000-01-01 00:00:00,1768,-0.65,1004.98,22.74,6.89,,,,,,0.01,0.01,0.07,,,,,,,572.21,59.45,,,0.08,-10.67,101.61
cansat,2025-10-30T02:06:39.299Z,2024-ASI-ROCKET-036,,2000-01-01 00:00:00,1769,-0.65,1004.98,22.74,6.89,,,,,,0.01,0.01,0.07,,,,,,,571.89,59.34,,,0.08,-10.67,101.61
cansat,2025-10-30T02:06:41.315Z,2024-ASI-ROCKET-036,,2000-01-01 00:00:00,1770,-0.65,1004.98,22.74,6.89,,,,,,0.01,0.01,-0.03,,,,,,,571.89,59.34,,,0.08,-10.67,101.61
cansat,2025-10-30T02:06:42.332Z,2024-ASI-ROCKET-036,,2000-01-01 00:00:00,1771,-0.65,1004.98,22.74,6.89,,,,,,0.01,0.01,-0.03,,,,,,,571.89,59.34,,,0.08,-10.67,101.61
cansat,2025-10-30T02:06:43.566Z,2024-ASI-ROCKET-036,,2000-01-01 00:00:00,1772,-0.65,1004.98,22.74,6.89,,,,,,0.01,0.01,-0.03,,,,,,,571.89,59.34,,,0.08,-10.67,101.61
cansat,2025-10-30T02:06:44.623Z,2024-ASI-ROCKET-036,,2000-01-01 00:00:00,1773,-0.65,1004.99,22.74,6.89,,,,,,0.05,0.02,-0.03,,,,,,,571.89,59.34,,,0.09,-10.68,101.63
cansat,2025-10-30T02:06:45.627Z,2024-ASI-ROCKET-036,,2000-01-01 00:00:00,1774,-0.65,1004.99,22.74,6.89,,,,,,0.05,0.02,-0.03,,,,,,,572.21,59.45,,,0.09,-10.68,101.63
cansat,2025-10-30T02:06:47.643Z,2024-ASI-ROCKET-036,,2000-01-01 00:00:00,1775,-0.65,1004.99,22.74,6.89,,,,,,0.05,0.02,,,,,,,,572.21,59.45,,,0.09,-10.68,101.63
cansat,2025-10-30T02:06:48.660Z,2024-ASI-ROCKET-036,,2000-01-01 00:00:00,1776,-0.65,1004.99,22.74,6.89,,,,,,0.05,0.02,,,,,,,,572.21,59.45,,,0.09,-10.68,101.63
cansat,2025-10-30T02:06:49.876Z,2024-ASI-ROCKET-036,,2000-01-01 00:00:00,1777,-0.65,1004.99,22.74,6.89,,,,,,0.05,0.02,,,,,,,,572.21,59.45,,,0.09,-10.68,101.63
cansat,2025-10-30T02:06:50.959Z,2024-ASI-ROCKET-036,,2000-01-01 00:00:00,1778,-0.75,1004.98,22.73,6.89,,,,,,0.05,0.01,,,,,,,,572.21,59.45,,,0.1,-10.67,101.57
cansat,2025-10-30T02:06:51.977Z,2024-ASI-ROCKET-036,,2000-01-01 00:00:00,1779,-0.75,1004.98,22.73,6.89,,,,,,0.05,0.01,,,,,,,,572.21,59.45,,,0.1,-10.67,101.57
cansat,2025-10-30T02:06:53.991Z,2024-ASI-ROCKET-036,,2000-01-01 00:00:00,1780,-0.75,1004.98,22.73,6.89,,,,,,0.05,0.01,0.01,,,,,,,572.21,59.45,,,0.1,-10.67,101.57
cansat,2025-10-30T02:06:55.008Z,2024-ASI-ROCKET-036,,2000-01-01 00:00:00,1781,-0.75,1004.98,22.73,6.89,,,,,,0.05,0.01,0.01,,,,,,,572.21,59.45,,,0.1,-10.67,101.57
cansat,2025-10-30T02:06:56.229Z,2024-ASI-ROCKET-036,,2000-01-01 00:00:00,1782,-0.75,1004.98,22.73,6.89,,,,,,0.05,0.01,0.01,,,,,,,572.21,59.45,,,0.1,-10.67,101.57
cansat,2025-10-30T02:06:57.308Z,2024-ASI-ROCKET-036,,2000-01-01 00:00:00,1783,-1.12,1005,22.73,6.89,,,,,,-0.04,-0.03,0.01,,,,,,,572.21,59.45,,,0.1,-10.67,101.57
cansat,2025-10-30T02:06:58.336Z,2024-ASI-ROCKET-036,,2000-01-01 00:00:00,1784,-1.12,1005,22.73,6.89,,,,,,-0.04,-0.03,0.01,,,,,,,571.89,59.34,,,0.1,-10.67,101.57
cansat,2025-10-30T02:07:00.340Z,2024-ASI-ROCKET-036,,2000-01-01 00:00:00,1785,-1.12,1005,22.73,6.89,,,,,,-0.04,-0.03,0.06,,,,,,,571.89,59.34,,,0.1,-10.67,101.57
cansat,2025-10-30T02:07:01.364Z,2024-ASI-ROCKET-036,,2000-01-01 00:00:00,1786,-1.12,1005,22.73,6.89,,,,,,-0.04,-0.03,0.06,,,,,,,571.89,59.34,,,0.1,-10.67,101.57
cansat,2025-10-30T02:07:02.573Z,2024-ASI-ROCKET-036,,2000-01-01 00:00:00,1787,-1.12,1005,22.73,6.89,,,,,,-0.04,-0.03,0.06,,,,,,,571.89,59.34,,,0.1,-10.67,101.57
cansat,2025-10-30T02:07:03.702Z,2024-ASI-ROCKET-036,,2000-01-01 00:00:00,1788,-0.47,1005,22.73,6.89,,,,,,,0.01,0.06,,,,,,,571.89,59.34,,,0.12,-10.67,101.57
cansat,2025-10-30T02:07:04.718Z,2024-ASI-ROCKET-036,,2000-01-01 00:00:00,1789,-0.47,1005,22.73,6.89,,,,,,,0.01,0.06,,,,,,,572.21,59.45,,,0.12,-10.67,101.57
cansat,2025-10-30T02:07:06.734Z,2024-ASI-ROCKET-036,,2000-01-01 00:00:00,1790,-0.47,1005,22.73,6.89,,,,,,,0.01,-0.1,,,,,,,572.21,59.45,,,0.12,-10.67,101.57
cansat,2025-10-30T02:07:07.749Z,2024-ASI-ROCKET-036,,2000-01-01 00:00:00,1791,-0.47,1005,22.73,6.89,,,,,,,0.01,-0.1,,,,,,,572.21,59.45,,,0.12,-10.67,101.57
cansat,2025-10-30T02:07:08.987Z,2024-ASI-ROCKET-036,,2000-01-01 00:00:00,1792,-0.47,1005,22.73,6.89,,,,,,,0.01,-0.1,,,,,,,572.21,59.45,,,0.12,-10.67,101.57
cansat,2025-10-30T02:07:10.024Z,2024-ASI-ROCKET-036,,2000-01-01 00:00:00,1793,-1.12,1005.01,22.74,6.89,,,,,,,0.01,-0.1,,,,,,,572.21,59.45,,,0.12,-10.67,101.57
cansat,2025-10-30T02:07:11.040Z,2024-ASI-ROCKET-036,,2000-01-01 00:00:00,1794,-1.12,1005.01,22.74,6.89,,,,,,,0.01,-0.1,,,,,,,571.58,59.23,,,0.12,-10.67,101.57
cansat,2025-10-30T02:07:13.056Z,2024-ASI-ROCKET-036,,2000-01-01 00:00:00,1795,-1.12,1005.01,22.74,6.89,,,,,,,0.01,0.1,,,,,,,571.58,59.23,,,0.12,-10.67,101.57
cansat,2025-10-30T02:07:14.073Z,2024-ASI-ROCKET-036,,2000-01-01 00:00:00,1796,-1.12,1005.01,22.74,6.89,,,,,,,0.01,0.1,,,,,,,571.58,59.23,,,0.12,-10.67,101.57
cansat,2025-10-30T02:07:15.289Z,2024-ASI-ROCKET-036,,2000-01-01 00:00:00,1797,-1.12,1005.01,22.74,6.89,,,,,,,0.01,0.1,,,,,,,571.58,59.23,,,0.12,-10.67,101.57
cansat,2025-10-30T02:07:16.410Z,2024-ASI-ROCKET-036,,2000-01-01 00:00:00,1798,-0.37,1004.92,22.73,6.89,,,,,,0.01,0.01,0.1,0.11,0.11,-0.22,,,,571.58,59.23,,,0.1,-10.69,101.49
cansat,2025-10-30T02:07:17.408Z,2024-ASI-ROCKET-036,,2000-01-01 00:00:00,1799,-0.37,1004.92,22.73,6.89,,,,,,0.01,0.01,0.1,0.11,0.11,-0.22,,,,571.58,59.23,,,0.1,-10.69,101.49
cansat,2025-10-30T02:07:19.425Z,2024-ASI-ROCKET-036,,2000-01-01 00:00:00,1800,-0.37,1004.92,22.73,6.89,,,,,,0.01,0.01,-0.12,0.11,0.11,-0.22,,,,571.58,59.23,,,0.1,-10.69,101.49
cansat,2025-10-30T02:07:20.441Z,2024-ASI-ROCKET-036,,2000-01-01 00:00:00,1801,-0.37,1004.92,22.73,6.89,,,,,,0.01,0.01,-0.12,0.11,0.11,-0.22,,,,571.58,59.23,,,0.1,-10.69,101.49
cansat,2025-10-30T02:07:21.659Z,2024-ASI-ROCKET-036,,2000-01-01 00:00:00,1802,-0.37,1004.92,22.73,6.89,,,,,,0.01,0.01,-0.12,0.11,0.11,-0.22,,,,571.58,59.23,,,0.1,-10.69,101.49
cansat,2025-10-30T02:07:22.722Z,2024-ASI-ROCKET-036,,2000-01-01 00:00:00,1803,-0.47,1004.99,22.74,6.89,,,,,,-0.03,-0.02,-0.12,0.11,0.11,-0.22,,,,571.58,59.23,,,0.1,-10.68,101.49
cansat,2025-10-30T02:07:23.754Z,2024-ASI-ROCKET-036,,2000-01-01 00:00:00,1804,-0.47,1004.99,22.74,6.89,,,,,,-0.03,-0.02,-0.12,0.11,0.11,-0.22,,,,572.21,59.45,,,0.1,-10.68,101.49
cansat,2025-10-30T02:07:25.755Z,2024-ASI-ROCKET-036,,2000-01-01 00:00:00,1805,-0.47,1004.99,22.74,6.89,,,,,,-0.03,-0.02,0.01,0.11,0.11,-0.22,,,,572.21,59.45,,,0.1,-10.68,101.49
cansat,2025-10-30T02:07:26.770Z,2024-ASI-ROCKET-036,,2000-01-01 00:00:00,1806,-0.47,1004.99,22.74,6.89,,,,,,-0.03,-0.02,0.01,0.11,0.11,-0.22,,,,572.21,59.45,,,0.1,-10.68,101.49
cansat,2025-10-30T02:07:27.989Z,2024-ASI-ROCKET-036,,2000-01-01 00:00:00,1807,-0.47,1004.99,22.74,6.89,,,,,,-0.03,-0.02,0.01,0.11,0.11,-0.22,,,,572.21,59.45,,,0.1,-10.68,101.49
cansat,2025-10-30T02:07:29.058Z,2024-ASI-ROCKET-036,,2000-01-01 00:00:00,1808,-0.65,1004.95,22.73,6.89,,,,,,-0.03,-0.02,0.01,,,,,,,572.21,59.45,,,0.1,-10.68,101.49
cansat,2025-10-30T02:07:30.069Z,2024-ASI-ROCKET-036,,2000-01-01 00:00:00,1809,-0.65,1004.95,22.73,6.89,,,,,,-0.03,-0.02,0.01,,,,,,,571.58,59.23,,,0.1,-10.68,101.49
cansat,2025-10-30T02:07:32.091Z,2024-ASI-ROCKET-036,,2000-01-01 00:00:00,1810,-0.65,1004.95,22.73,6.89,,,,,,-0.03,-0.02,0.03,,,,,,,571.58,59.23,,,0.1,-10.68,101.49
cansat,2025-10-30T02:07:33.100Z,2024-ASI-ROCKET-036,,2000-01-01 00:00:00,1811,-0.65,1004.95,22.73,6.89,,,,,,-0.03,-0.02,0.03,,,,,,,571.58,59.23,,,0.1,-10.68,101.49
cansat,2025-10-30T02:07:34.314Z,2024-ASI-ROCKET-036,,2000-01-01 00:00:00,1812,-0.65,1004.95,22.73,6.89,,,,,,-0.03,-0.02,0.03,,,,,,,571.58,59.23,,,0.1,-10.68,101.49
cansat,2025-10-30T02:07:35.380Z,2024-ASI-ROCKET-036,,2000-01-01 00:00:00,1813,-0.37,1004.93,22.73,6.89,,,,,,-0.03,-0.02,0.03,,,,,,,571.58,59.23,,,0.16,-10.68,101.41
cansat,2025-10-30T02:07:36.394Z,2024-ASI-ROCKET-036,,2000-01-01 00:00:00,1814,-0.37,1004.93,22.73,6.89,,,,,,-0.03,-0.02,0.03,,,,,,,571.58,59.23,,,0.16,-10.68,101.41
cansat,2025-10-30T02:07:38.411Z,2024-ASI-ROCKET-036,,2000-01-01 00:00:00,1815,-0.37,1004.93,22.73,6.89,,,,,,-0.03,-0.02,-0.04,,,,,,,571.58,59.23,,,0.16,-10.68,101.41
cansat,2025-10-30T02:07:39.427Z,2024-ASI-ROCKET-036,,2000-01-01 00:00:00,1816,-0.37,1004.93,22.73,6.89,,,,,,-0.03,-0.02,-0.04,,,,,,,571.58,59.23,,,0.16,-10.68,101.41
cansat,2025-10-30T02:07:40.643Z,2024-ASI-ROCKET-036,,2000-01-01 00:00:00,1817,-0.37,1004.93,22.73,6.89,,,,,,-0.03,-0.02,-0.04,,,,,,,571.58,59.23,,,0.16,-10.68,101.41
cansat,2025-10-30T02:07:41.706Z,2024-ASI-ROCKET-036,,2000-01-01 00:00:00,1818,-0.56,1004.94,22.73,6.89,,,,,,-0.07,0.01,-0.04,,,,,,,571.58,59.23,,,0.15,-10.66,101.42
cansat,2025-10-30T02:07:42.722Z,2024-ASI-ROCKET-036,,2000-01-01 00:00:00,1819,-0.56,1004.94,22.73,6.89,,,,,,-0.07,0.01,-0.04,,,,,,,571.89,59.34,,,0.15,-10.66,101.42
cansat,2025-10-30T02:07:44.737Z,2024-ASI-ROCKET-036,,2000-01-01 00:00:00,1820,-0.56,1004.94,22.73,6.89,,,,,,-0.07,0.01,0.03,,,,,,,571.89,59.34,,,0.15,-10.66,101.42
cansat,2025-10-30T02:07:45.767Z,2024-ASI-ROCKET-036,,2000-01-01 00:00:00,1821,-0.56,1004.94,22.73,6.89,,,,,,-0.07,0.01,0.03,,,,,,,571.89,59.34,,,0.15,-10.66,101.42
cansat,2025-10-30T02:07:46.971Z,2024-ASI-ROCKET-036,,2000-01-01 00:00:00,1822,-0.56,1004.94,22.73,6.89,,,,,,-0.07,0.01,0.03,,,,,,,571.89,59.34,,,0.15,-10.66,101.42
cansat,2025-10-30T02:07:48.074Z,2024-ASI-ROCKET-036,,2000-01-01 00:00:00,1823,-0.93,1005.02,22.73,6.89,,,,,,-0.04,0.01,0.03,,,,,,,571.89,59.34,,,0.16,-10.65,101.42
cansat,2025-10-30T02:07:49.106Z,2024-ASI-ROCKET-036,,2000-01-01 00:00:00,1824,-0.93,1005.02,22.73,6.89,,,,,,-0.04,0.01,0.03,,,,,,,572.21,59.45,,,0.16,-10.65,101.42
cansat,2025-10-30T02:07:51.106Z,2024-ASI-ROCKET-036,,2000-01-01 00:00:00,1825,-0.93,1005.02,22.73,6.89,,,,,,-0.04,0.01,0.06,,,,,,,572.21,59.45,,,0.16,-10.65,101.42
cansat,2025-10-30T02:07:52.133Z,2024-ASI-ROCKET-036,,2000-01-01 00:00:00,1826,-0.93,1005.02,22.73,6.89,,,,,,-0.04,0.01,0.06,,,,,,,572.21,59.45,,,0.16,-10.65,101.42
cansat,2025-10-30T02:07:53.339Z,2024-ASI-ROCKET-036,,2000-01-01 00:00:00,1827,-0.93,1005.02,22.73,6.89,,,,,,-0.04,0.01,0.06,,,,,,,572.21,59.45,,,0.16,-10.65,101.42
cansat,2025-10-30T02:07:54.465Z,2024-ASI-ROCKET-036,,2000-01-01 00:00:00,1828,-1.12,1004.93,22.74,6.89,,,,,,0.01,0.01,0.06,,,,,,,572.21,59.45,,,0.15,-10.67,101.41
cansat,2025-10-30T02:07:55.480Z,2024-ASI-ROCKET-036,,2000-01-01 00:00:00,1829,-1.12,1004.93,22.74,6.89,,,,,,0.01,0.01,0.06,,,,,,,571.89,59.34,,,0.15,-10.67,101.41
cansat,2025-10-30T02:07:57.495Z,2024-ASI-ROCKET-036,,2000-01-01 00:00:00,1830,-1.12,1004.93,22.74,6.89,,,,,,0.01,0.01,0.03,,,,,,,571.89,59.34,,,0.15,-10.67,101.41
cansat,2025-10-30T02:07:58.516Z,2024-ASI-ROCKET-036,,2000-01-01 00:00:00,1831,-1.12,1004.93,22.74,6.89,,,,,,0.01,0.01,0.03,,,,,,,571.89,59.34,,,0.15,-10.67,101.41
cansat,2025-10-30T02:07:59.728Z,2024-ASI-ROCKET-036,,2000-01-01 00:00:00,1832,-1.12,1004.93,22.74,6.89,,,,,,0.01,0.01,0.03,,,,,,,571.89,59.34,,,0.15,-10.67,101.41
cansat,2025-10-30T02:08:00.916Z,2024-ASI-ROCKET-036,,2000-01-01 00:00:00,1833,-0.65,1004.99,22.73,6.89,,,,,,0.01,-0.04,0.03,,,,,,,571.89,59.34,,,0.18,-10.65,101.37
cansat,2025-10-30T02:08:01.931Z,2024-ASI-ROCKET-036,,2000-01-01 00:00:00,1834,-0.65,1004.99,22.73,6.89,,,,,,0.01,-0.04,0.03,,,,,,,572.21,59.45,,,0.18,-10.65,101.37
cansat,2025-10-30T02:08:03.968Z,2024-ASI-ROCKET-036,,2000-01-01 00:00:00,1835,-0.65,1004.99,22.73,6.89,,,,,,0.01,-0.04,-0.07,,,,,,,572.21,59.45,,,0.18,-10.65,101.37
cansat,2025-10-30T02:08:04.981Z,2024-ASI-ROCKET-036,,2000-01-01 00:00:00,1836,-0.65,1004.99,22.73,6.89,,,,,,0.01,-0.04,-0.07,,,,,,,572.21,59.45,,,0.18,-10.65,101.37
cansat,2025-10-30T02:08:06.181Z,2024-ASI-ROCKET-036,,2000-01-01 00:00:00,1837,-0.65,1004.99,22.73,6.89,,,,,,0.01,-0.04,-0.07,,,,,,,572.21,59.45,,,0.18,-10.65,101.37
cansat,2025-10-30T02:08:07.278Z,2024-ASI-ROCKET-036,,2000-01-01 00:00:00,1838,-0.84,1005.04,22.74,6.88,,,,,,,0.01,-0.07,0.11,,-0.11,,,,572.21,59.45,,,0.15,-10.68,101.37
cansat,2025-10-30T02:08:08.298Z,2024-ASI-ROCKET-036,,2000-01-01 00:00:00,1839,-0.84,1005.04,22.74,6.88,,,,,,,0.01,-0.07,0.11,,-0.11,,,,572.21,59.45,,,0.15,-10.68,101.37
cansat,2025-10-30T02:08:10.306Z,2024-ASI-ROCKET-036,,2000-01-01 00:00:00,1840,-0.84,1005.04,22.74,6.88,,,,,,,0.01,0.03,0.11,,-0.11,,,,572.21,59.45,,,0.15,-10.68,101.37
cansat,2025-10-30T02:08:11.322Z,2024-ASI-ROCKET-036,,2000-01-01 00:00:00,1841,-0.84,1005.04,22.74,6.88,,,,,,,0.01,0.03,0.11,,-0.11,,,,572.21,59.45,,,0.15,-10.68,101.37
cansat,2025-10-30T02:08:12.539Z,2024-ASI-ROCKET-036,,2000-01-01 00:00:00,1842,-0.84,1005.04,22.74,6.88,,,,,,,0.01,0.03,0.11,,-0.11,,,,572.21,59.45,,,0.15,-10.68,101.37
cansat,2025-10-30T02:08:13.604Z,2024-ASI-ROCKET-036,,2000-01-01 00:00:00,1843,-0.65,1004.98,22.73,6.88,,,,,,,0.01,0.03,-0.11,-0.11,-0.11,,,,572.21,59.45,,,0.13,-10.67,101.37
cansat,2025-10-30T02:08:14.618Z,2024-ASI-ROCKET-036,,2000-01-01 00:00:00,1844,-0.65,1004.98,22.73,6.88,,,,,,,0.01,0.03,-0.11,-0.11,-0.11,,,,571.27,59.12,,,0.13,-10.67,101.37
cansat,2025-10-30T02:08:16.634Z,2024-ASI-ROCKET-036,,2000-01-01 00:00:00,1845,-0.65,1004.98,22.73,6.88,,,,,,,0.01,-0.03,-0.11,-0.11,-0.11,,,,571.27,59.12,,,0.13,-10.67,101.37
cansat,2025-10-30T02:08:17.651Z,2024-ASI-ROCKET-036,,2000-01-01 00:00:00,1846,-0.65,1004.98,22.73,6.88,,,,,,,0.01,-0.03,-0.11,-0.11,-0.11,,,,571.27,59.12,,,0.13,-10.67,101.37
cansat,2025-10-30T02:08:18.867Z,2024-ASI-ROCKET-036,,2000-01-01 00:00:00,1847,-0.65,1004.98,22.73,6.88,,,,,,,0.01,-0.03,-0.11,-0.11,-0.11,,,,571.27,59.12,,,0.13,-10.67,101.37
cansat,2025-10-30T02:08:19.937Z,2024-ASI-ROCKET-036,,2000-01-01 00:00:00,1848,-0.56,1004.95,22.73,6.88,,,,,,,0.01,-0.03,,,,,,,571.27,59.12,,,0.13,-10.67,101.37
cansat,2025-10-30T02:08:20.955Z,2024-ASI-ROCKET-036,,2000-01-01 00:00:00,1849,-0.56,1004.95,22.73,6.88,,,,,,,0.01,-0.03,,,,,,,571.89,59.34,,,0.13,-10.67,101.37
cansat,2025-10-30T02:08:22.980Z,2024-ASI-ROCKET-036,,2000-01-01 00:00:00,1850,-0.56,1004.95,22.73,6.88,,,,,,,0.01,-0.01,,,,,,,571.89,59.34,,,0.13,-10.67,101.37
cansat,2025-10-30T02:08:23.983Z,2024-ASI-ROCKET-036,,2000-01-01 00:00:00,1851,-0.56,1004.95,22.73,6.88,,,,,,,0.01,-0.01,,,,,,,571.89,59.34,,,0.13,-10.67,101.37
cansat,2025-10-30T02:08:25.205Z,2024-ASI-ROCKET-036,,2000-01-01 00:00:00,1852,-0.56,1004.95,22.73,6.88,,,,,,,0.01,-0.01,,,,,,,571.89,59.34,,,0.13,-10.67,101.37
cansat,2025-10-30T02:08:26.282Z,2024-ASI-ROCKET-036,,2000-01-01 00:00:00,1853,-1.21,1004.99,22.74,6.89,,,,,,-0.04,0.01,-0.01,,,,,,,571.89,59.34,,,0.13,-10.67,101.36
cansat,2025-10-30T02:08:27.330Z,2024-ASI-ROCKET-036,,2000-01-01 00:00:00,1854,-1.21,1004.99,22.74,6.89,,,,,,-0.04,0.01,-0.01,,,,,,,571.89,59.34,,,0.13,-10.67,101.36
cansat,2025-10-30T02:08:29.314Z,2024-ASI-ROCKET-036,,2000-01-01 00:00:00,1855,-1.21,1004.99,22.74,6.89,,,,,,-0.04,0.01,0.1,,,,,,,571.89,59.34,,,0.13,-10.67,101.36
cansat,2025-10-30T02:08:30.327Z,2024-ASI-ROCKET-036,,2000-01-01 00:00:00,1856,-1.21,1004.99,22.74,6.89,,,,,,-0.04,0.01,0.1,,,,,,,571.89,59.34,,,0.13,-10.67,101.36
cansat,2025-10-30T02:08:31.560Z,2024-ASI-ROCKET-036,,2000-01-01 00:00:00,1857,-1.21,1004.99,22.74,6.89,,,,,,-0.04,0.01,0.1,,,,,,,571.89,59.34,,,0.13,-10.67,101.36
cansat,2025-10-30T02:08:32.668Z,2024-ASI-ROCKET-036,,2000-01-01 00:00:00,1858,-0.56,1005.01,22.74,6.89,,,,,,-0.03,-0.03,0.1,,,,,,,571.89,59.34,,,0.1,-10.67,101.38
cansat,2025-10-30T02:08:33.684Z,2024-ASI-ROCKET-036,,2000-01-01 00:00:00,1859,-0.56,1005.01,22.74,6.89,,,,,,-0.03,-0.03,0.1,,,,,,,571.58,59.23,,,0.1,-10.67,101.38
cansat,2025-10-30T02:08:35.699Z,2024-ASI-ROCKET-036,,2000-01-01 00:00:00,1860,-0.56,1005.01,22.74,6.89,,,,,,-0.03,-0.03,-0.1,,,,,,,571.58,59.23,,,0.1,-10.67,101.38
cansat,2025-10-30T02:08:36.715Z,2024-ASI-ROCKET-036,,2000-01-01 00:00:00,1861,-0.56,1005.01,22.74,6.89,,,,,,-0.03,-0.03,-0.1,,,,,,,571.58,59.23,,,0.1,-10.67,101.38
cansat,2025-10-30T02:08:37.934Z,2024-ASI-ROCKET-036,,2000-01-01 00:00:00,1862,-0.56,1005.01,22.74,6.89,,,,,,-0.03,-0.03,-0.1,,,,,,,571.58,59.23,,,0.1,-10.67,101.38
cansat,2025-10-30T02:08:39.017Z,2024-ASI-ROCKET-036,,2000-01-01 00:00:00,1863,-0.75,1004.99,22.74,6.89,,,,,,-0.06,-0.03,-0.1,,,,,,,571.58,59.23,,,0.11,-10.66,101.43
cansat,2025-10-30T02:08:40.035Z,2024-ASI-ROCKET-036,,2000-01-01 00:00:00,1864,-0.75,1004.99,22.74,6.89,,,,,,-0.06,-0.03,-0.1,,,,,,,571.58,59.23,,,0.11,-10.66,101.43
cansat,2025-10-30T02:08:42.048Z,2024-ASI-ROCKET-036,,2000-01-01 00:00:00,1865,-0.75,1004.99,22.74,6.89,,,,,,-0.06,-0.03,0.03,,,,,,,571.58,59.23,,,0.11,-10.66,101.43
cansat,2025-10-30T02:08:43.063Z,2024-ASI-ROCKET-036,,2000-01-01 00:00:00,1866,-0.75,1004.99,22.74,6.89,,,,,,-0.06,-0.03,0.03,,,,,,,571.58,59.23,,,0.11,-10.66,101.43
cansat,2025-10-30T02:08:44.286Z,2024-ASI-ROCKET-036,,2000-01-01 00:00:00,1867,-0.75,1004.99,22.74,6.89,,,,,,-0.06,-0.03,0.03,,,,,,,571.58,59.23,,,0.11,-10.66,101.43
cansat,2025-10-30T02:08:45.366Z,2024-ASI-ROCKET-036,,2000-01-01 00:00:00,1868,-0.75,1005.02,22.73,6.88,,,,,,0.05,0.01,0.03,,,,,,,571.58,59.23,,,0.09,-10.67,101.5
cansat,2025-10-30T02:08:46.380Z,2024-ASI-ROCKET-036,,2000-01-01 00:00:00,1869,-0.75,1005.02,22.73,6.88,,,,,,0.05,0.01,0.03,,,,,,,572.21,59.45,,,0.09,-10.67,101.5
cansat,2025-10-30T02:08:48.397Z,2024-ASI-ROCKET-036,,2000-01-01 00:00:00,1870,-0.75,1005.02,22.73,6.88,,,,,,0.05,0.01,,,,,,,,572.21,59.45,,,0.09,-10.67,101.5
cansat,2025-10-30T02:08:49.427Z,2024-ASI-ROCKET-036,,2000-01-01 00:00:00,1871,-0.75,1005.02,22.73,6.88,,,,,,0.05,0.01,,,,,,,,572.21,59.45,,,0.09,-10.67,101.5
cansat,2025-10-30T02:08:50.630Z,2024-ASI-ROCKET-036,,2000-01-01 00:00:00,1872,-0.75,1005.02,22.73,6.88,,,,,,0.05,0.01,,,,,,,,572.21,59.45,,,0.09,-10.67,101.5
cansat,2025-10-30T02:08:51.708Z,2024-ASI-ROCKET-036,,2000-01-01 00:00:00,1873,-0.65,1004.92,22.74,6.88,,,,,,0.01,0.01,,,,,,,,572.21,59.45,,,0.06,-10.66,101.52
cansat,2025-10-30T02:08:52.721Z,2024-ASI-ROCKET-036,,2000-01-01 00:00:00,1874,-0.65,1004.92,22.74,6.88,,,,,,0.01,0.01,,,,,,,,571.89,59.34,,,0.06,-10.66,101.52
cansat,2025-10-30T02:08:54.734Z,2024-ASI-ROCKET-036,,2000-01-01 00:00:00,1875,-0.65,1004.92,22.74,6.88,,,,,,0.01,0.01,-0.01,,,,,,,571.89,59.34,,,0.06,-10.66,101.52
cansat,2025-10-30T02:08:55.750Z,2024-ASI-ROCKET-036,,2000-01-01 00:00:00,1876,-0.65,1004.92,22.74,6.88,,,,,,0.01,0.01,-0.01,,,,,,,571.89,59.34,,,0.06,-10.66,101.52
cansat,2025-10-30T02:08:56.967Z,2024-ASI-ROCKET-036,,2000-01-01 00:00:00,1877,-0.65,1004.92,22.74,6.88,,,,,,0.01,0.01,-0.01,,,,,,,571.89,59.34,,,0.06,-10.66,101.52
cansat,2025-10-30T02:08:58.034Z,2024-ASI-ROCKET-036,,2000-01-01 00:00:00,1878,-0.84,1004.99,22.74,6.89,,,,,,0.05,0.01,-0.01,,,,,,,571.89,59.34,,,0.06,-10.66,101.52
cansat,2025-10-30T02:08:59.045Z,2024-ASI-ROCKET-036,,2000-01-01 00:00:00,1879,-0.84,1004.99,22.74,6.89,,,,,,0.05,0.01,-0.01,,,,,,,572.21,59.45,,,0.06,-10.66,101.52
cansat,2025-10-30T02:09:01.058Z,2024-ASI-ROCKET-036,,2000-01-01 00:00:00,1880,-0.84,1004.99,22.74,6.89,,,,,,0.05,0.01,0.03,,,,,,,572.21,59.45,,,0.06,-10.66,101.52
cansat,2025-10-30T02:09:02.076Z,2024-ASI-ROCKET-036,,2000-01-01 00:00:00,1881,-0.84,1004.99,22.74,6.89,,,,,,0.05,0.01,0.03,,,,,,,572.21,59.45,,,0.06,-10.66,101.52
cansat,2025-10-30T02:09:03.320Z,2024-ASI-ROCKET-036,,2000-01-01 00:00:00,1882,-0.84,1004.99,22.74,6.89,,,,,,0.05,0.01,0.03,,,,,,,572.21,59.45,,,0.06,-10.66,101.52
cansat,2025-10-30T02:09:04.430Z,2024-ASI-ROCKET-036,,2000-01-01 00:00:00,1883,-0.84,1004.98,22.74,6.89,,,,,,-0.04,0.01,0.03,,,,,,,572.21,59.45,,,0.06,-10.66,101.52
cansat,2025-10-30T02:09:05.446Z,2024-ASI-ROCKET-036,,2000-01-01 00:00:00,1884,-0.84,1004.98,22.74,6.89,,,,,,-0.04,0.01,0.03,,,,,,,571.58,59.23,,,0.06,-10.66,101.52
cansat,2025-10-30T02:09:07.487Z,2024-ASI-ROCKET-036,,2000-01-01 00:00:00,1885,-0.84,1004.98,22.74,6.89,,,,,,-0.04,0.01,,,,,,,,571.58,59.23,,,0.06,-10.66,101.52
cansat,2025-10-30T02:09:08.477Z,2024-ASI-ROCKET-036,,2000-01-01 00:00:00,1886,-0.84,1004.98,22.74,6.89,,,,,,-0.04,0.01,,,,,,,,571.58,59.23,,,0.06,-10.66,101.52
cansat,2025-10-30T02:09:09.695Z,2024-ASI-ROCKET-036,,2000-01-01 00:00:00,1887,-0.84,1004.98,22.74,6.89,,,,,,-0.04,0.01,,,,,,,,571.58,59.23,,,0.06,-10.66,101.52
cansat,2025-10-30T02:09:10.793Z,2024-ASI-ROCKET-036,,2000-01-01 00:00:00,1888,-0.37,1004.94,22.73,6.89,,,,,,0.05,0.01,,,,,,,,571.58,59.23,,,,-10.67,101.54
cansat,2025-10-30T02:09:11.799Z,2024-ASI-ROCKET-036,,2000-01-01 00:00:00,1889,-0.37,1004.94,22.73,6.89,,,,,,0.05,0.01,,,,,,,,571.58,59.23,,,,-10.67,101.54
cansat,2025-10-30T02:09:13.833Z,2024-ASI-ROCKET-036,,2000-01-01 00:00:00,1890,-0.37,1004.94,22.73,6.89,,,,,,0.05,0.01,-0.07,,,,,,,571.58,59.23,,,,-10.67,101.54
cansat,2025-10-30T02:09:14.830Z,2024-ASI-ROCKET-036,,2000-01-01 00:00:00,1891,-0.37,1004.94,22.73,6.89,,,,,,0.05,0.01,-0.07,,,,,,,571.58,59.23,,,,-10.67,101.54
cansat,2025-10-30T02:09:16.048Z,2024-ASI-ROCKET-036,,2000-01-01 00:00:00,1892,-0.37,1004.94,22.73,6.89,,,,,,0.05,0.01,-0.07,,,,,,,571.58,59.23,,,,-10.67,101.54
cansat,2025-10-30T02:09:17.190Z,2024-ASI-ROCKET-036,,2000-01-01 00:00:00,1893,-0.93,1004.93,22.74,6.88,,,,,,,0.02,-0.07,,,,,,,571.58,59.23,,,-0.01,-10.69,101.51
cansat,2025-10-30T02:09:18.187Z,2024-ASI-ROCKET-036,,2000-01-01 00:00:00,1894,-0.93,1004.93,22.74,6.88,,,,,,,0.02,-0.07,,,,,,,571.89,59.34,,,-0.01,-10.69,101.51
cansat,2025-10-30T02:09:20.206Z,2024-ASI-ROCKET-036,,2000-01-01 00:00:00,1895,-0.93,1004.93,22.74,6.88,,,,,,,0.02,0.09,,,,,,,571.89,59.34,,,-0.01,-10.69,101.51
cansat,2025-10-30T02:09:21.219Z,2024-ASI-ROCKET-036,,2000-01-01 00:00:00,1896,-0.93,1004.93,22.74,6.88,,,,,,,0.02,0.09,,,,,,,571.89,59.34,,,-0.01,-10.69,101.51
cansat,2025-10-30T02:09:22.440Z,2024-ASI-ROCKET-036,,2000-01-01 00:00:00,1897,-0.93,1004.93,22.74,6.88,,,,,,,0.02,0.09,,,,,,,571.89,59.34,,,-0.01,-10.69,101.51
cansat,2025-10-30T02:09:23.569Z,2024-ASI-ROCKET-036,,2000-01-01 00:00:00,1898,-0.65,1004.99,22.74,6.89,,,,,,-0.03,-0.03,0.09,,,,,,,571.89,59.34,,,,-10.69,101.43
cansat,2025-10-30T02:09:24.576Z,2024-ASI-ROCKET-036,,2000-01-01 00:00:00,1899,-0.65,1004.99,22.74,6.89,,,,,,-0.03,-0.03,0.09,,,,,,,571.89,59.34,,,,-10.69,101.43
cansat,2025-10-30T02:09:26.609Z,2024-ASI-ROCKET-036,,2000-01-01 00:00:00,1900,-0.65,1004.99,22.74,6.89,,,,,,-0.03,-0.03,-0.04,,,,,,,571.89,59.34,,,,-10.69,101.43
cansat,2025-10-30T02:09:27.607Z,2024-ASI-ROCKET-036,,2000-01-01 00:00:00,1901,-0.65,1004.99,22.74,6.89,,,,,,-0.03,-0.03,-0.04,,,,,,,571.89,59.34,,,,-10.69,101.43
cansat,2025-10-30T02:09:28.825Z,2024-ASI-ROCKET-036,,2000-01-01 00:00:00,1902,-0.65,1004.99,22.74,6.89,,,,,,-0.03,-0.03,-0.04,,,,,,,571.89,59.34,,,,-10.69,101.43
cansat,2025-10-30T02:09:29.922Z,2024-ASI-ROCKET-036,,2000-01-01 00:00:00,1903,-0.93,1005,22.74,6.88,,,,,,-0.03,-0.03,-0.04,,,,,,,571.89,59.34,,,,-10.69,101.43
cansat,2025-10-30T02:09:30.934Z,2024-ASI-ROCKET-036,,2000-01-01 00:00:00,1904,-0.93,1005,22.74,6.88,,,,,,-0.03,-0.03,-0.04,,,,,,,571.89,59.34,,,,-10.69,101.43
cansat,2025-10-30T02:09:32.951Z,2024-ASI-ROCKET-036,,2000-01-01 00:00:00,1905,-0.93,1005,22.74,6.88,,,,,,-0.03,-0.03,0.04,,,,,,,571.89,59.34,,,,-10.69,101.43
cansat,2025-10-30T02:09:33.983Z,2024-ASI-ROCKET-036,,2000-01-01 00:00:00,1906,-0.93,1005,22.74,6.88,,,,,,-0.03,-0.03,0.04,,,,,,,571.89,59.34,,,,-10.69,101.43
cansat,2025-10-30T02:09:35.210Z,2024-ASI-ROCKET-036,,2000-01-01 00:00:00,1907,-0.93,1005,22.74,6.88,,,,,,-0.03,-0.03,0.04,,,,,,,571.89,59.34,,,,-10.69,101.43
cansat,2025-10-30T02:09:36.339Z,2024-ASI-ROCKET-036,,2000-01-01 00:00:00,1908,-0.75,1005.05,22.75,6.88,,,,,,0.05,0.01,0.04,,,,,,,571.89,59.34,,,,-10.69,101.43
cansat,2025-10-30T02:09:37.365Z,2024-ASI-ROCKET-036,,2000-01-01 00:00:00,1909,-0.75,1005.05,22.75,6.88,,,,,,0.05,0.01,0.04,,,,,,,571.58,59.23,,,,-10.69,101.43
cansat,2025-10-30T02:09:39.360Z,2024-ASI-ROCKET-036,,2000-01-01 00:00:00,1910,-0.75,1005.05,22.75,6.88,,,,,,0.05,0.01,-0.03,,,,,,,571.58,59.23,,,,-10.69,101.43
cansat,2025-10-30T02:09:40.374Z,2024-ASI-ROCKET-036,,2000-01-01 00:00:00,1911,-0.75,1005.05,22.75,6.88,,,,,,0.05,0.01,-0.03,,,,,,,571.58,59.23,,,,-10.69,101.43
cansat,2025-10-30T02:09:41.590Z,2024-ASI-ROCKET-036,,2000-01-01 00:00:00,1912,-0.75,1005.05,22.75,6.88,,,,,,0.05,0.01,-0.03,,,,,,,571.58,59.23,,,,-10.69,101.43
cansat,2025-10-30T02:09:42.690Z,2024-ASI-ROCKET-036,,2000-01-01 00:00:00,1913,-0.75,1004.98,22.73,6.89,,,,,,0.05,0.01,-0.03,,,,,,,571.58,59.23,,,,-10.69,101.43
cansat,2025-10-30T02:09:43.707Z,2024-ASI-ROCKET-036,,2000-01-01 00:00:00,1914,-0.75,1004.98,22.73,6.89,,,,,,0.05,0.01,-0.03,,,,,,,572.21,59.45,,,,-10.69,101.43
cansat,2025-10-30T02:09:45.722Z,2024-ASI-ROCKET-036,,2000-01-01 00:00:00,1915,-0.75,1004.98,22.73,6.89,,,,,,0.05,0.01,,,,,,,,572.21,59.45,,,,-10.69,101.43
cansat,2025-10-30T02:09:46.768Z,2024-ASI-ROCKET-036,,2000-01-01 00:00:00,1916,-0.75,1004.98,22.73,6.89,,,,,,0.05,0.01,,,,,,,,572.21,59.45,,,,-10.69,101.43
cansat,2025-10-30T02:09:47.955Z,2024-ASI-ROCKET-036,,2000-01-01 00:00:00,1917,-0.75,1004.98,22.73,6.89,,,,,,0.05,0.01,,,,,,,,572.21,59.45,,,,-10.69,101.43
cansat,2025-10-30T02:09:49.019Z,2024-ASI-ROCKET-036,,2000-01-01 00:00:00,1918,-0.65,1005.03,22.74,6.89,,,,,,0.01,-0.02,,,,,,,,572.21,59.45,,,-0.04,-10.68,101.44
cansat,2025-10-30T02:09:50.042Z,2024-ASI-ROCKET-036,,2000-01-01 00:00:00,1919,-0.65,1005.03,22.74,6.89,,,,,,0.01,-0.02,,,,,,,,571.89,59.34,,,-0.04,-10.68,101.44
cansat,2025-10-30T02:09:52.049Z,2024-ASI-ROCKET-036,,2000-01-01 00:00:00,1920,-0.65,1005.03,22.74,6.89,,,,,,0.01,-0.02,-0.01,,,,,,,571.89,59.34,,,-0.04,-10.68,101.44
cansat,2025-10-30T02:09:53.066Z,2024-ASI-ROCKET-036,,2000-01-01 00:00:00,1921,-0.65,1005.03,22.74,6.89,,,,,,0.01,-0.02,-0.01,,,,,,,571.89,59.34,,,-0.04,-10.68,101.44
cansat,2025-10-30T02:09:54.288Z,2024-ASI-ROCKET-036,,2000-01-01 00:00:00,1922,-0.65,1005.03,22.74,6.89,,,,,,0.01,-0.02,-0.01,,,,,,,571.89,59.34,,,-0.04,-10.68,101.44
cansat,2025-10-30T02:09:55.459Z,2024-ASI-ROCKET-036,,2000-01-01 00:00:00,1923,-0.75,1005,22.74,6.89,,,,,,-0.03,0.02,-0.01,-0.11,0.11,-0.22,,,,571.89,59.34,,,-0.03,-10.67,101.44
cansat,2025-10-30T02:09:56.469Z,2024-ASI-ROCKET-036,,2000-01-01 00:00:00,1924,-0.75,1005,22.74,6.89,,,,,,-0.03,0.02,-0.01,-0.11,0.11,-0.22,,,,571.89,59.34,,,-0.03,-10.67,101.44
cansat,2025-10-30T02:09:58.474Z,2024-ASI-ROCKET-036,,2000-01-01 00:00:00,1925,-0.75,1005,22.74,6.89,,,,,,-0.03,0.02,0.01,-0.11,0.11,-0.22,,,,571.89,59.34,,,-0.03,-10.67,101.44
cansat,2025-10-30T02:09:59.507Z,2024-ASI-ROCKET-036,,2000-01-01 00:00:00,1926,-0.75,1005,22.74,6.89,,,,,,-0.03,0.02,0.01,-0.11,0.11,-0.22,,,,571.89,59.34,,,-0.03,-10.67,101.44
cansat,2025-10-30T02:10:00.701Z,2024-ASI-ROCKET-036,,2000-01-01 00:00:00,1927,-0.75,1005,22.74,6.89,,,,,,-0.03,0.02,0.01,-0.11,0.11,-0.22,,,,571.89,59.34,,,-0.03,-10.67,101.44
cansat,2025-10-30T02:10:01.806Z,2024-ASI-ROCKET-036,,2000-01-01 00:00:00,1928,-0.84,1004.99,22.74,6.89,,,,,,0.05,0.01,0.01,0.11,0.11,0.11,,,,571.89,59.34,,,-0.06,-10.66,101.48
cansat,2025-10-30T02:10:02.796Z,2024-ASI-ROCKET-036,,2000-01-01 00:00:00,1929,-0.84,1004.99,22.74,6.89,,,,,,0.05,0.01,0.01,0.11,0.11,0.11,,,,571.89,59.34,,,-0.06,-10.66,101.48
cansat,2025-10-30T02:10:04.813Z,2024-ASI-ROCKET-036,,2000-01-01 00:00:00,1930,-0.84,1004.99,22.74,6.89,,,,,,0.05,0.01,0.01,0.11,0.11,0.11,,,,571.89,59.34,,,-0.06,-10.66,101.48
cansat,2025-10-30T02:10:05.834Z,2024-ASI-ROCKET-036,,2000-01-01 00:00:00,1931,-0.84,1004.99,22.74,6.89,,,,,,0.05,0.01,0.01,0.11,0.11,0.11,,,,571.89,59.34,,,-0.06,-10.66,101.48
cansat,2025-10-30T02:10:07.060Z,2024-ASI-ROCKET-036,,2000-01-01 00:00:00,1932,-0.84,1004.99,22.74,6.89,,,,,,0.05,0.01,0.01,0.11,0.11,0.11,,,,571.89,59.34,,,-0.06,-10.66,101.48
cansat,2025-10-30T02:10:08.184Z,2024-ASI-ROCKET-036,,2000-01-01 00:00:00,1933,-0.56,1004.95,22.74,6.89,,,,,,0.05,0.01,0.01,,,,,,,571.89,59.34,,,-0.04,-10.66,101.46
cansat,2025-10-30T02:10:09.200Z,2024-ASI-ROCKET-036,,2000-01-01 00:00:00,1934,-0.56,1004.95,22.74,6.89,,,,,,0.05,0.01,0.01,,,,,,,571.58,59.23,,,-0.04,-10.66,101.46
cansat,2025-10-30T02:10:11.214Z,2024-ASI-ROCKET-036,,2000-01-01 00:00:00,1935,-0.56,1004.95,22.74,6.89,,,,,,0.05,0.01,-0.04,,,,,,,571.58,59.23,,,-0.04,-10.66,101.46
cansat,2025-10-30T02:10:12.231Z,2024-ASI-ROCKET-036,,2000-01-01 00:00:00,1936,-0.56,1004.95,22.74,6.89,,,,,,0.05,0.01,-0.04,,,,,,,571.58,59.23,,,-0.04,-10.66,101.46
cansat,2025-10-30T02:10:13.455Z,2024-ASI-ROCKET-036,,2000-01-01 00:00:00,1937,-0.56,1004.95,22.74,6.89,,,,,,0.05,0.01,-0.04,,,,,,,571.58,59.23,,,-0.04,-10.66,101.46
cansat,2025-10-30T02:10:14.512Z,2024-ASI-ROCKET-036,,2000-01-01 00:00:00,1938,-1.31,1004.94,22.75,6.89,,,,,,-0.04,-0.02,-0.04,,,,,,,571.58,59.23,,,-0.04,-10.66,101.46
cansat,2025-10-30T02:10:15.560Z,2024-ASI-ROCKET-036,,2000-01-01 00:00:00,1939,-1.31,1004.94,22.75,6.89,,,,,,-0.04,-0.02,-0.04,,,,,,,572.21,59.45,,,-0.04,-10.66,101.46
cansat,2025-10-30T02:10:17.549Z,2024-ASI-ROCKET-036,,2000-01-01 00:00:00,1940,-1.31,1004.94,22.75,6.89,,,,,,-0.04,-0.02,0.12,,,,,,,572.21,59.45,,,-0.04,-10.66,101.46
cansat,2025-10-30T02:10:18.567Z,2024-ASI-ROCKET-036,,2000-01-01 00:00:00,1941,-1.31,1004.94,22.75,6.89,,,,,,-0.04,-0.02,0.12,,,,,,,572.21,59.45,,,-0.04,-10.66,101.46
cansat,2025-10-30T02:10:19.801Z,2024-ASI-ROCKET-036,,2000-01-01 00:00:00,1942,-1.31,1004.94,22.75,6.89,,,,,,-0.04,-0.02,0.12,,,,,,,572.21,59.45,,,-0.04,-10.66,101.46
cansat,2025-10-30T02:10:20.898Z,2024-ASI-ROCKET-036,,2000-01-01 00:00:00,1943,-0.46,1004.99,22.74,6.89,,,,,,-0.06,-0.03,0.12,,,,,,,572.21,59.45,,,-0.04,-10.66,101.46
cansat,2025-10-30T02:10:21.912Z,2024-ASI-ROCKET-036,,2000-01-01 00:00:00,1944,-0.46,1004.99,22.74,6.89,,,,,,-0.06,-0.03,0.12,,,,,,,572.21,59.45,,,-0.04,-10.66,101.46
cansat,2025-10-30T02:10:23.949Z,2024-ASI-ROCKET-036,,2000-01-01 00:00:00,1945,-0.46,1004.99,22.74,6.89,,,,,,-0.06,-0.03,-0.13,,,,,,,572.21,59.45,,,-0.04,-10.66,101.46
cansat,2025-10-30T02:10:24.947Z,2024-ASI-ROCKET-036,,2000-01-01 00:00:00,1946,-0.46,1004.99,22.74,6.89,,,,,,-0.06,-0.03,-0.13,,,,,,,572.21,59.45,,,-0.04,-10.66,101.46
cansat,2025-10-30T02:10:26.166Z,2024-ASI-ROCKET-036,,2000-01-01 00:00:00,1947,-0.46,1004.99,22.74,6.89,,,,,,-0.06,-0.03,-0.13,,,,,,,572.21,59.45,,,-0.04,-10.66,101.46
cansat,2025-10-30T02:10:27.245Z,2024-ASI-ROCKET-036,,2000-01-01 00:00:00,1948,-0.75,1004.97,22.74,6.89,,,,,,0.04,0.01,-0.13,,,,,,,572.21,59.45,,,-0.04,-10.67,101.45
cansat,2025-10-30T02:10:28.268Z,2024-ASI-ROCKET-036,,2000-01-01 00:00:00,1949,-0.75,1004.97,22.74,6.89,,,,,,0.04,0.01,-0.13,,,,,,,571.58,59.23,,,-0.04,-10.67,101.45
cansat,2025-10-30T02:10:30.281Z,2024-ASI-ROCKET-036,,2000-01-01 00:00:00,1950,-0.75,1004.97,22.74,6.89,,,,,,0.04,0.01,0.04,,,,,,,571.58,59.23,,,-0.04,-10.67,101.45
cansat,2025-10-30T02:10:31.291Z,2024-ASI-ROCKET-036,,2000-01-01 00:00:00,1951,-0.75,1004.97,22.74,6.89,,,,,,0.04,0.01,0.04,,,,,,,571.58,59.23,,,-0.04,-10.67,101.45
cansat,2025-10-30T02:10:32.516Z,2024-ASI-ROCKET-036,,2000-01-01 00:00:00,1952,-0.75,1004.97,22.74,6.89,,,,,,0.04,0.01,0.04,,,,,,,571.58,59.23,,,-0.04,-10.67,101.45
cansat,2025-10-30T02:10:33.589Z,2024-ASI-ROCKET-036,,2000-01-01 00:00:00,1953,-0.75,1004.98,22.74,6.89,,,,,,0.04,0.01,0.04,,,,,,,571.58,59.23,,,-0.01,-10.67,101.45
cansat,2025-10-30T02:10:34.593Z,2024-ASI-ROCKET-036,,2000-01-01 00:00:00,1954,-0.75,1004.98,22.74,6.89,,,,,,0.04,0.01,0.04,,,,,,,572.21,59.45,,,-0.01,-10.67,101.45
cansat,2025-10-30T02:10:36.614Z,2024-ASI-ROCKET-036,,2000-01-01 00:00:00,1955,-0.75,1004.98,22.74,6.89,,,,,,0.04,0.01,,,,,,,,572.21,59.45,,,-0.01,-10.67,101.45
cansat,2025-10-30T02:10:37.626Z,2024-ASI-ROCKET-036,,2000-01-01 00:00:00,1956,-0.75,1004.98,22.74,6.89,,,,,,0.04,0.01,,,,,,,,572.21,59.45,,,-0.01,-10.67,101.45
cansat,2025-10-30T02:10:38.872Z,2024-ASI-ROCKET-036,,2000-01-01 00:00:00,1957,-0.75,1004.98,22.74,6.89,,,,,,0.04,0.01,,,,,,,,572.21,59.45,,,-0.01,-10.67,101.45
cansat,2025-10-30T02:10:39.904Z,2024-ASI-ROCKET-036,,2000-01-01 00:00:00,1958,-1.31,1005.02,22.75,6.89,,,,,,-0.04,-0.03,,,,,,,,572.21,59.45,,,-0.01,-10.67,101.45
cansat,2025-10-30T02:10:40.946Z,2024-ASI-ROCKET-036,,2000-01-01 00:00:00,1959,-1.31,1005.02,22.75,6.89,,,,,,-0.04,-0.03,,,,,,,,571.58,59.23,,,-0.01,-10.67,101.45
cansat,2025-10-30T02:10:42.935Z,2024-ASI-ROCKET-036,,2000-01-01 00:00:00,1960,-1.31,1005.02,22.75,6.89,,,,,,-0.04,-0.03,0.09,,,,,,,571.58,59.23,,,-0.01,-10.67,101.45
cansat,2025-10-30T02:10:43.950Z,2024-ASI-ROCKET-036,,2000-01-01 00:00:00,1961,-1.31,1005.02,22.75,6.89,,,,,,-0.04,-0.03,0.09,,,,,,,571.58,59.23,,,-0.01,-10.67,101.45
cansat,2025-10-30T02:10:45.168Z,2024-ASI-ROCKET-036,,2000-01-01 00:00:00,1962,-1.31,1005.02,22.75,6.89,,,,,,-0.04,-0.03,0.09,,,,,,,571.58,59.23,,,-0.01,-10.67,101.45
cansat,2025-10-30T02:10:46.249Z,2024-ASI-ROCKET-036,,2000-01-01 00:00:00,1963,-0.84,1005.03,22.74,6.89,,,,,,-0.04,-0.03,0.09,,,,,,,571.58,59.23,,,-0.01,-10.67,101.45
cansat,2025-10-30T02:10:47.246Z,2024-ASI-ROCKET-036,,2000-01-01 00:00:00,1964,-0.84,1005.03,22.74,6.89,,,,,,-0.04,-0.03,0.09,,,,,,,571.89,59.34,,,-0.01,-10.67,101.45
cansat,2025-10-30T02:10:49.264Z,2024-ASI-ROCKET-036,,2000-01-01 00:00:00,1965,-0.84,1005.03,22.74,6.89,,,,,,-0.04,-0.03,-0.07,,,,,,,571.89,59.34,,,-0.01,-10.67,101.45
cansat,2025-10-30T02:10:50.278Z,2024-ASI-ROCKET-036,,2000-01-01 00:00:00,1966,-0.84,1005.03,22.74,6.89,,,,,,-0.04,-0.03,-0.07,,,,,,,571.89,59.34,,,-0.01,-10.67,101.45
cansat,2025-10-30T02:10:51.500Z,2024-ASI-ROCKET-036,,2000-01-01 00:00:00,1967,-0.84,1005.03,22.74,6.89,,,,,,-0.04,-0.03,-0.07,,,,,,,571.89,59.34,,,-0.01,-10.67,101.45
cansat,2025-10-30T02:10:52.558Z,2024-ASI-ROCKET-036,,2000-01-01 00:00:00,1968,-0.18,1004.98,22.74,6.89,,,,,,-0.04,-0.03,-0.07,,,,,,,571.89,59.34,,,-0.01,-10.67,101.45
cansat,2025-10-30T02:10:53.604Z,2024-ASI-ROCKET-036,,2000-01-01 00:00:00,1969,-0.18,1004.98,22.74,6.89,,,,,,-0.04,-0.03,-0.07,,,,,,,571.58,59.23,,,-0.01,-10.67,101.45
cansat,2025-10-30T02:10:55.596Z,2024-ASI-ROCKET-036,,2000-01-01 00:00:00,1970,-0.18,1004.98,22.74,6.89,,,,,,-0.04,-0.03,-0.1,,,,,,,571.58,59.23,,,-0.01,-10.67,101.45
cansat,2025-10-30T02:10:56.611Z,2024-ASI-ROCKET-036,,2000-01-01 00:00:00,1971,-0.18,1004.98,22.74,6.89,,,,,,-0.04,-0.03,-0.1,,,,,,,571.58,59.23,,,-0.01,-10.67,101.45
cansat,2025-10-30T02:10:57.828Z,2024-ASI-ROCKET-036,,2000-01-01 00:00:00,1972,-0.18,1004.98,22.74,6.89,,,,,,-0.04,-0.03,-0.1,,,,,,,571.58,59.23,,,-0.01,-10.67,101.45
cansat,2025-10-30T02:10:58.967Z,2024-ASI-ROCKET-036,,2000-01-01 00:00:00,1973,-1.4,1004.99,22.74,6.88,,,,,,-0.06,0.01,-0.1,,,,,,,571.58,59.23,,,,-10.68,101.43
cansat,2025-10-30T02:10:59.970Z,2024-ASI-ROCKET-036,,2000-01-01 00:00:00,1974,-1.4,1004.99,22.74,6.88,,,,,,-0.06,0.01,-0.1,,,,,,,571.89,59.34,,,,-10.68,101.43
cansat,2025-10-30T02:11:01.988Z,2024-ASI-ROCKET-036,,2000-01-01 00:00:00,1975,-1.4,1004.99,22.74,6.88,,,,,,-0.06,0.01,0.19,,,,,,,571.89,59.34,,,,-10.68,101.43
cansat,2025-10-30T02:11:03.012Z,2024-ASI-ROCKET-036,,2000-01-01 00:00:00,1976,-1.4,1004.99,22.74,6.88,,,,,,-0.06,0.01,0.19,,,,,,,571.89,59.34,,,,-10.68,101.43
cansat,2025-10-30T02:11:04.219Z,2024-ASI-ROCKET-036,,2000-01-01 00:00:00,1977,-1.4,1004.99,22.74,6.88,,,,,,-0.06,0.01,0.19,,,,,,,571.89,59.34,,,,-10.68,101.43
cansat,2025-10-30T02:11:05.294Z,2024-ASI-ROCKET-036,,2000-01-01 00:00:00,1978,-1.59,1004.98,22.75,6.89,,,,,,-0.06,0.01,0.19,,,,,,,571.89,59.34,,,,-10.68,101.43
cansat,2025-10-30T02:11:06.304Z,2024-ASI-ROCKET-036,,2000-01-01 00:00:00,1979,-1.59,1004.98,22.75,6.89,,,,,,-0.06,0.01,0.19,,,,,,,572.21,59.45,,,,-10.68,101.43
cansat,2025-10-30T02:11:08.319Z,2024-ASI-ROCKET-036,,2000-01-01 00:00:00,1980,-1.59,1004.98,22.75,6.89,,,,,,-0.06,0.01,0.03,,,,,,,572.21,59.45,,,,-10.68,101.43
cansat,2025-10-30T02:11:09.335Z,2024-ASI-ROCKET-036,,2000-01-01 00:00:00,1981,-1.59,1004.98,22.75,6.89,,,,,,-0.06,0.01,0.03,,,,,,,572.21,59.45,,,,-10.68,101.43
cansat,2025-10-30T02:11:10.579Z,2024-ASI-ROCKET-036,,2000-01-01 00:00:00,1982,-1.59,1004.98,22.75,6.89,,,,,,-0.06,0.01,0.03,,,,,,,572.21,59.45,,,,-10.68,101.43
cansat,2025-10-30T02:11:11.628Z,2024-ASI-ROCKET-036,,2000-01-01 00:00:00,1983,-1.5,1005.01,22.75,6.89,,,,,,-0.04,-0.02,0.03,,,,,,,572.21,59.45,,,,-10.68,101.43
cansat,2025-10-30T02:11:12.630Z,2024-ASI-ROCKET-036,,2000-01-01 00:00:00,1984,-1.5,1005.01,22.75,6.89,,,,,,-0.04,-0.02,0.03,,,,,,,571.89,59.34,,,,-10.68,101.43
cansat,2025-10-30T02:11:14.647Z,2024-ASI-ROCKET-036,,2000-01-01 00:00:00,1985,-1.5,1005.01,22.75,6.89,,,,,,-0.04,-0.02,-0.01,,,,,,,571.89,59.34,,,,-10.68,101.43
cansat,2025-10-30T02:11:15.663Z,2024-ASI-ROCKET-036,,2000-01-01 00:00:00,1986,-1.5,1005.01,22.75,6.89,,,,,,-0.04,-0.02,-0.01,,,,,,,571.89,59.34,,,,-10.68,101.43
cansat,2025-10-30T02:11:16.885Z,2024-ASI-ROCKET-036,,2000-01-01 00:00:00,1987,-1.5,1005.01,22.75,6.89,,,,,,-0.04,-0.02,-0.01,,,,,,,571.89,59.34,,,,-10.68,101.43
cansat,2025-10-30T02:11:17.951Z,2024-ASI-ROCKET-036,,2000-01-01 00:00:00,1988,-1.03,1005,22.75,6.88,,,,,,-0.04,-0.02,-0.01,,,,,,,571.89,59.34,,,0.08,-10.66,101.38
cansat,2025-10-30T02:11:18.959Z,2024-ASI-ROCKET-036,,2000-01-01 00:00:00,1989,-1.03,1005,22.75,6.88,,,,,,-0.04,-0.02,-0.01,,,,,,,571.58,59.23,,,0.08,-10.66,101.38
cansat,2025-10-30T02:11:20.976Z,2024-ASI-ROCKET-036,,2000-01-01 00:00:00,1990,-1.03,1005,22.75,6.88,,,,,,-0.04,-0.02,-0.07,,,,,,,571.58,59.23,,,0.08,-10.66,101.38
cansat,2025-10-30T02:11:21.992Z,2024-ASI-ROCKET-036,,2000-01-01 00:00:00,1991,-1.03,1005,22.75,6.88,,,,,,-0.04,-0.02,-0.07,,,,,,,571.58,59.23,,,0.08,-10.66,101.38
cansat,2025-10-30T02:11:23.208Z,2024-ASI-ROCKET-036,,2000-01-01 00:00:00,1992,-1.03,1005,22.75,6.88,,,,,,-0.04,-0.02,-0.07,,,,,,,571.58,59.23,,,0.08,-10.66,101.38
cansat,2025-10-30T02:11:24.420Z,2024-ASI-ROCKET-036,,2000-01-01 00:00:00,1993,-0.93,1004.97,22.75,6.88,,,,,,,0.01,-0.07,,,,,,,571.58,59.23,,,0.08,-10.66,101.38
cansat,2025-10-30T02:11:25.427Z,2024-ASI-ROCKET-036,,2000-01-01 00:00:00,1994,-0.93,1004.97,22.75,6.88,,,,,,,0.01,-0.07,,,,,,,572.21,59.45,,,0.08,-10.66,101.38
cansat,2025-10-30T02:11:27.462Z,2024-ASI-ROCKET-036,,2000-01-01 00:00:00,1995,-0.93,1004.97,22.75,6.88,,,,,,,0.01,-0.01,,,,,,,572.21,59.45,,,0.08,-10.66,101.38
cansat,2025-10-30T02:11:28.458Z,2024-ASI-ROCKET-036,,2000-01-01 00:00:00,1996,-0.93,1004.97,22.75,6.88,,,,,,,0.01,-0.01,,,,,,,572.21,59.45,,,0.08,-10.66,101.38
cansat,2025-10-30T02:11:29.680Z,2024-ASI-ROCKET-036,,2000-01-01 00:00:00,1997,-0.93,1004.97,22.75,6.88,,,,,,,0.01,-0.01,,,,,,,572.21,59.45,,,0.08,-10.66,101.38
cansat,2025-10-30T02:11:30.740Z,2024-ASI-ROCKET-036,,2000-01-01 00:00:00,1998,-1.31,1005.09,22.76,6.88,,,,,,-0.04,-0.03,-0.01,,,,,,,572.21,59.45,,,0.1,-10.67,101.38
cansat,2025-10-30T02:11:31.755Z,2024-ASI-ROCKET-036,,2000-01-01 00:00:00,1999,-1.31,1005.09,22.76,6.88,,,,,,-0.04,-0.03,-0.01,,,,,,,570.95,59.01,,,0.1,-10.67,101.38
cansat,2025-10-30T02:11:33.773Z,2024-ASI-ROCKET-036,,2000-01-01 00:00:00,2000,-1.31,1005.09,22.76,6.88,,,,,,-0.04,-0.03,0.06,,,,,,,570.95,59.01,,,0.1,-10.67,101.38
cansat,2025-10-30T02:11:34.787Z,2024-ASI-ROCKET-036,,2000-01-01 00:00:00,2001,-1.31,1005.09,22.76,6.88,,,,,,-0.04,-0.03,0.06,,,,,,,570.95,59.01,,,0.1,-10.67,101.38
cansat,2025-10-30T02:11:36.004Z,2024-ASI-ROCKET-036,,2000-01-01 00:00:00,2002,-1.31,1005.09,22.76,6.88,,,,,,-0.04,-0.03,0.06,,,,,,,570.95,59.01,,,0.1,-10.67,101.38
cansat,2025-10-30T02:11:37.093Z,2024-ASI-ROCKET-036,,2000-01-01 00:00:00,2003,-0.93,1004.98,22.76,6.88,,,,,,-0.04,-0.03,0.06,,,,,,,570.95,59.01,,,0.11,-10.66,101.4
cansat,2025-10-30T02:11:38.089Z,2024-ASI-ROCKET-036,,2000-01-01 00:00:00,2004,-0.93,1004.98,22.76,6.88,,,,,,-0.04,-0.03,0.06,,,,,,,571.27,59.12,,,0.11,-10.66,101.4
cansat,2025-10-30T02:11:40.104Z,2024-ASI-ROCKET-036,,2000-01-01 00:00:00,2005,-0.93,1004.98,22.76,6.88,,,,,,-0.04,-0.03,-0.06,,,,,,,571.27,59.12,,,0.11,-10.66,101.4
cansat,2025-10-30T02:11:41.116Z,2024-ASI-ROCKET-036,,2000-01-01 00:00:00,2006,-0.93,1004.98,22.76,6.88,,,,,,-0.04,-0.03,-0.06,,,,,,,571.27,59.12,,,0.11,-10.66,101.4
cansat,2025-10-30T02:11:42.333Z,2024-ASI-ROCKET-036,,2000-01-01 00:00:00,2007,-0.93,1004.98,22.76,6.88,,,,,,-0.04,-0.03,-0.06,,,,,,,571.27,59.12,,,0.11,-10.66,101.4
cansat,2025-10-30T02:11:43.391Z,2024-ASI-ROCKET-036,,2000-01-01 00:00:00,2008,-1.21,1005.03,22.75,6.88,,,,,,-0.04,-0.03,-0.06,,,,,,,571.27,59.12,,,0.11,-10.66,101.4
cansat,2025-10-30T02:11:44.410Z,2024-ASI-ROCKET-036,,2000-01-01 00:00:00,2009,-1.21,1005.03,22.75,6.88,,,,,,-0.04,-0.03,-0.06,,,,,,,572.21,59.45,,,0.11,-10.66,101.4
cansat,2025-10-30T02:11:46.424Z,2024-ASI-ROCKET-036,,2000-01-01 00:00:00,2010,-1.21,1005.03,22.75,6.88,,,,,,-0.04,-0.03,0.04,,,,,,,572.21,59.45,,,0.11,-10.66,101.4
cansat,2025-10-30T02:11:47.440Z,2024-ASI-ROCKET-036,,2000-01-01 00:00:00,2011,-1.21,1005.03,22.75,6.88,,,,,,-0.04,-0.03,0.04,,,,,,,572.21,59.45,,,0.11,-10.66,101.4
cansat,2025-10-30T02:11:48.657Z,2024-ASI-ROCKET-036,,2000-01-01 00:00:00,2012,-1.21,1005.03,22.75,6.88,,,,,,-0.04,-0.03,0.04,,,,,,,572.21,59.45,,,0.11,-10.66,101.4
cansat,2025-10-30T02:11:49.821Z,2024-ASI-ROCKET-036,,2000-01-01 00:00:00,2013,-1.4,1005.02,22.75,6.88,,,,,,0.04,0.02,0.04,,,,,,,572.21,59.45,,,0.12,-10.66,101.4
cansat,2025-10-30T02:11:50.838Z,2024-ASI-ROCKET-036,,2000-01-01 00:00:00,2014,-1.4,1005.02,22.75,6.88,,,,,,0.04,0.02,0.04,,,,,,,572.21,59.45,,,0.12,-10.66,101.4
cansat,2025-10-30T02:11:52.885Z,2024-ASI-ROCKET-036,,2000-01-01 00:00:00,2015,-1.4,1005.02,22.75,6.88,,,,,,0.04,0.02,0.03,,,,,,,572.21,59.45,,,0.12,-10.66,101.4
cansat,2025-10-30T02:11:53.871Z,2024-ASI-ROCKET-036,,2000-01-01 00:00:00,2016,-1.4,1005.02,22.75,6.88,,,,,,0.04,0.02,0.03,,,,,,,572.21,59.45,,,0.12,-10.66,101.4
cansat,2025-10-30T02:11:55.092Z,2024-ASI-ROCKET-036,,2000-01-01 00:00:00,2017,-1.4,1005.02,22.75,6.88,,,,,,0.04,0.02,0.03,,,,,,,572.21,59.45,,,0.12,-10.66,101.4
cansat,2025-10-30T02:11:56.253Z,2024-ASI-ROCKET-036,,2000-01-01 00:00:00,2018,-0.84,1005.11,22.75,6.89,,,,,,-0.03,0.01,0.03,-0.11,0.22,-0.22,,,,572.21,59.45,,,0.13,-10.64,101.41
cansat,2025-10-30T02:11:57.269Z,2024-ASI-ROCKET-036,,2000-01-01 00:00:00,2019,-0.84,1005.11,22.75,6.89,,,,,,-0.03,0.01,0.03,-0.11,0.22,-0.22,,,,571.58,59.23,,,0.13,-10.64,101.41
cansat,2025-10-30T02:11:59.309Z,2024-ASI-ROCKET-036,,2000-01-01 00:00:00,2020,-0.84,1005.11,22.75,6.89,,,,,,-0.03,0.01,-0.09,-0.11,0.22,-0.22,,,,571.58,59.23,,,0.13,-10.64,101.41
cansat,2025-10-30T02:12:00.301Z,2024-ASI-ROCKET-036,,2000-01-01 00:00:00,2021,-0.84,1005.11,22.75,6.89,,,,,,-0.03,0.01,-0.09,-0.11,0.22,-0.22,,,,571.58,59.23,,,0.13,-10.64,101.41
cansat,2025-10-30T02:12:01.523Z,2024-ASI-ROCKET-036,,2000-01-01 00:00:00,2022,-0.84,1005.11,22.75,6.89,,,,,,-0.03,0.01,-0.09,-0.11,0.22,-0.22,,,,571.58,59.23,,,0.13,-10.64,101.41
cansat,2025-10-30T02:12:02.602Z,2024-ASI-ROCKET-036,,2000-01-01 00:00:00,2023,-0.75,1005.04,22.75,6.89,,,,,,0.05,0.02,-0.09,-0.11,0.11,-0.67,,,,571.58,59.23,,,0.15,-10.62,101.42
cansat,2025-10-30T02:12:03.628Z,2024-ASI-ROCKET-036,,2000-01-01 00:00:00,2024,-0.75,1005.04,22.75,6.89,,,,,,0.05,0.02,-0.09,-0.11,0.11,-0.67,,,,571.89,59.34,,,0.15,-10.62,101.42
cansat,2025-10-30T02:12:05.620Z,2024-ASI-ROCKET-036,,2000-01-01 00:00:00,2025,-0.75,1005.04,22.75,6.89,,,,,,0.05,0.02,-0.01,-0.11,0.11,-0.67,,,,571.89,59.34,,,0.15,-10.62,101.42
cansat,2025-10-30T02:12:06.637Z,2024-ASI-ROCKET-036,,2000-01-01 00:00:00,2026,-0.75,1005.04,22.75,6.89,,,,,,0.05,0.02,-0.01,-0.11,0.11,-0.67,,,,571.89,59.34,,,0.15,-10.62,101.42
cansat,2025-10-30T02:12:07.852Z,2024-ASI-ROCKET-036,,2000-01-01 00:00:00,2027,-0.75,1005.04,22.75,6.89,,,,,,0.05,0.02,-0.01,-0.11,0.11,-0.67,,,,571.89,59.34,,,0.15,-10.62,101.42
cansat,2025-10-30T02:12:08.917Z,2024-ASI-ROCKET-036,,2000-01-01 00:00:00,2028,-1.21,1005.02,22.75,6.88,,,,,,,-0.03,-0.01,-0.11,0.11,-0.67,,,,571.89,59.34,,,0.15,-10.62,101.44
cansat,2025-10-30T02:12:09.936Z,2024-ASI-ROCKET-036,,2000-01-01 00:00:00,2029,-1.21,1005.02,22.75,6.88,,,,,,,-0.03,-0.01,-0.11,0.11,-0.67,,,,572.21,59.45,,,0.15,-10.62,101.44
cansat,2025-10-30T02:12:11.949Z,2024-ASI-ROCKET-036,,2000-01-01 00:00:00,2030,-1.21,1005.02,22.75,6.88,,,,,,,-0.03,0.07,-0.11,0.11,-0.67,,,,572.21,59.45,,,0.15,-10.62,101.44
cansat,2025-10-30T02:12:12.966Z,2024-ASI-ROCKET-036,,2000-01-01 00:00:00,2031,-1.21,1005.02,22.75,6.88,,,,,,,-0.03,0.07,-0.11,0.11,-0.67,,,,572.21,59.45,,,0.15,-10.62,101.44
cansat,2025-10-30T02:12:14.192Z,2024-ASI-ROCKET-036,,2000-01-01 00:00:00,2032,-1.21,1005.02,22.75,6.88,,,,,,,-0.03,0.07,-0.11,0.11,-0.67,,,,572.21,59.45,,,0.15,-10.62,101.44
cansat,2025-10-30T02:12:15.253Z,2024-ASI-ROCKET-036,,2000-01-01 00:00:00,2033,-1.49,1005.08,22.76,6.89,,,,,,-0.04,0.01,0.07,,,,,,,572.21,59.45,,,0.15,-10.62,101.44
cansat,2025-10-30T02:12:16.270Z,2024-ASI-ROCKET-036,,2000-01-01 00:00:00,2034,-1.49,1005.08,22.76,6.89,,,,,,-0.04,0.01,0.07,,,,,,,571.89,59.34,,,0.15,-10.62,101.44
cansat,2025-10-30T02:12:18.304Z,2024-ASI-ROCKET-036,,2000-01-01 00:00:00,2035,-1.49,1005.08,22.76,6.89,,,,,,-0.04,0.01,0.04,,,,,,,571.89,59.34,,,0.15,-10.62,101.44
cansat,2025-10-30T02:12:19.327Z,2024-ASI-ROCKET-036,,2000-01-01 00:00:00,2036,-1.49,1005.08,22.76,6.89,,,,,,-0.04,0.01,0.04,,,,,,,571.89,59.34,,,0.15,-10.62,101.44
cansat,2025-10-30T02:12:20.518Z,2024-ASI-ROCKET-036,,2000-01-01 00:00:00,2037,-1.49,1005.08,22.76,6.89,,,,,,-0.04,0.01,0.04,,,,,,,571.89,59.34,,,0.15,-10.62,101.44
cansat,2025-10-30T02:12:21.602Z,2024-ASI-ROCKET-036,,2000-01-01 00:00:00,2038,-1.4,1005.02,22.75,6.88,,,,,,0.01,0.01,0.04,,,,,,,571.89,59.34,,,0.12,-10.6,101.49
cansat,2025-10-30T02:12:22.621Z,2024-ASI-ROCKET-036,,2000-01-01 00:00:00,2039,-1.4,1005.02,22.75,6.88,,,,,,0.01,0.01,0.04,,,,,,,572.21,59.45,,,0.12,-10.6,101.49
cansat,2025-10-30T02:12:24.638Z,2024-ASI-ROCKET-036,,2000-01-01 00:00:00,2040,-1.4,1005.02,22.75,6.88,,,,,,0.01,0.01,-0.01,,,,,,,572.21,59.45,,,0.12,-10.6,101.49
cansat,2025-10-30T02:12:25.673Z,2024-ASI-ROCKET-036,,2000-01-01 00:00:00,2041,-1.4,1005.02,22.75,6.88,,,,,,0.01,0.01,-0.01,,,,,,,572.21,59.45,,,0.12,-10.6,101.49
cansat,2025-10-30T02:12:26.871Z,2024-ASI-ROCKET-036,,2000-01-01 00:00:00,2042,-1.4,1005.02,22.75,6.88,,,,,,0.01,0.01,-0.01,,,,,,,572.21,59.45,,,0.12,-10.6,101.49
cansat,2025-10-30T02:12:27.948Z,2024-ASI-ROCKET-036,,2000-01-01 00:00:00,2043,548.47,1004.95,22.74,6.89,,,,,,-4.02,-0.4,-0.01,,,,,,,572.21,59.45,,,-11.1,12,-115.91
cansat,2025-10-30T02:12:28.969Z,2024-ASI-ROCKET-036,,2000-01-01 00:00:00,2044,548.47,1004.95,22.74,6.89,,,,,,-4.02,-0.4,-0.01,,,,,,,571.89,59.34,,,-11.1,12,-115.91
cansat,2025-10-30T02:12:30.968Z,2024-ASI-ROCKET-036,,2000-01-01 00:00:00,2045,548.47,1004.95,22.74,6.89,,,,,,-4.02,-0.4,-86.54,,,,,,,571.89,59.34,,,-11.1,12,-115.91
cansat,2025-10-30T02:12:32.002Z,2024-ASI-ROCKET-036,,2000-01-01 00:00:00,2046,548.47,1004.95,22.74,6.89,,,,,,-4.02,-0.4,-86.54,,,,,,,571.89,59.34,,,-11.1,12,-115.91
cansat,2025-10-30T02:12:33.206Z,2024-ASI-ROCKET-036,,2000-01-01 00:00:00,2047,548.47,1004.95,22.74,6.89,,,,,,-4.02,-0.4,-86.54,,,,,,,571.89,59.34,,,-11.1,12,-115.91
cansat,2025-10-30T02:12:34.338Z,2024-ASI-ROCKET-036,,2000-01-01 00:00:00,2048,720.1,940.98,22.33,6.89,,,,,,-4.02,-0.4,-86.54,69.49,45.77,-169.98,,,,571.89,59.34,,,-7.19,13.04,-94.56
cansat,2025-10-30T02:12:35.275Z,2024-ASI-ROCKET-036,,2000-01-01 00:00:00,2049,720.1,940.98,22.33,6.89,,,,,,-4.02,-0.4,-86.54,69.49,45.77,-169.98,,,,572.21,59.45,,,-7.19,13.04,-94.56
cansat,2025-10-30T02:12:37.317Z,2024-ASI-ROCKET-036,,2000-01-01 00:00:00,2050,720.1,940.98,22.33,6.89,,,,,,-4.02,-0.4,-27.12,69.49,45.77,-169.98,-1,,,572.21,59.45,,,-7.19,13.04,-94.56
cansat,2025-10-30T02:12:38.325Z,2024-ASI-ROCKET-036,,2000-01-01 00:00:00,2051,720.1,940.98,22.33,6.89,,,,,,-4.02,-0.4,-27.12,69.49,45.77,-169.98,1,,,572.21,59.45,,,-7.19,13.04,-94.56
cansat,2025-10-30T02:12:39.538Z,2024-ASI-ROCKET-036,,2000-01-01 00:00:00,2052,720.1,940.98,22.33,6.89,,,,,,-4.02,-0.4,-27.12,69.49,45.77,-169.98,1,,,572.21,59.45,,,-7.19,13.04,-94.56
cansat,2025-10-30T02:12:40.587Z,2024-ASI-ROCKET-036,,2000-01-01 00:00:00,2053,604.09,922.09,21.97,6.88,,,,,,-4.02,-0.4,-27.12,-180.62,-48.79,-15.22,1,,,572.21,59.45,,,108.49,63.08,-110.53
cansat,2025-10-30T02:12:41.628Z,2024-ASI-ROCKET-036,,2000-01-01 00:00:00,2054,604.09,922.09,21.97,6.88,,,,,,-4.02,-0.4,-27.12,-180.62,-48.79,-15.22,1,,,572.21,59.45,,,108.49,63.08,-110.53
cansat,2025-10-30T02:12:43.676Z,2024-ASI-ROCKET-036,,2000-01-01 00:00:00,2055,604.09,922.09,21.97,6.88,,,,,,-4.02,-0.4,18.33,-180.62,-48.79,-15.22,-1,,,572.21,59.45,,,108.49,63.08,-110.53
cansat,2025-10-30T02:12:44.648Z,2024-ASI-ROCKET-036,,2000-01-01 00:00:00,2056,604.09,922.09,21.97,6.88,,,,,,-4.02,-0.4,18.33,-180.62,-48.79,-15.22,1,,,572.21,59.45,,,108.49,63.08,-110.53
cansat,2025-10-30T02:12:45.864Z,2024-ASI-ROCKET-036,,2000-01-01 00:00:00,2057,604.09,922.09,21.97,6.88,,,,,,-4.02,-0.4,18.33,-180.62,-48.79,-15.22,1,,,572.21,59.45,,,108.49,63.08,-110.53
cansat,2025-10-30T02:12:46.925Z,2024-ASI-ROCKET-036,,2000-01-01 00:00:00,2058,482.17,935.23,21.79,6.89,,,,,,-0.4,-0.94,18.33,-334.82,77.66,-107.21,1,,,572.21,59.45,,,130.5,55.67,-145.09
cansat,2025-10-30T02:12:47.941Z,2024-ASI-ROCKET-036,,2000-01-01 00:00:00,2059,482.17,935.23,21.79,6.89,,,,,,-0.4,-0.94,18.33,-334.82,77.66,-107.21,1,,,572.21,59.45,,,130.5,55.67,-145.09
cansat,2025-10-30T02:12:49.970Z,2024-ASI-ROCKET-036,,2000-01-01 00:00:00,2060,482.17,935.23,21.79,6.89,,,,,,-0.4,-0.94,19.27,-334.82,77.66,-107.21,-4,,,572.21,59.45,,,130.5,55.67,-145.09
cansat,2025-10-30T02:12:50.970Z,2024-ASI-ROCKET-036,,2000-01-01 00:00:00,2061,482.17,935.23,21.79,6.89,,,,,,-0.4,-0.94,19.27,-334.82,77.66,-107.21,4,,,572.21,59.45,,,130.5,55.67,-145.09
cansat,2025-10-30T02:12:52.194Z,2024-ASI-ROCKET-036,,2000-01-01 00:00:00,2062,482.17,935.23,21.79,6.89,,,,,,-0.4,-0.94,19.27,-334.82,77.66,-107.21,4,,,572.21,59.45,,,130.5,55.67,-145.09
cansat,2025-10-30T02:12:53.255Z,2024-ASI-ROCKET-036,,2000-01-01 00:00:00,2063,361.09,948.81,21.76,6.89,,,,,,-0.4,-0.94,19.27,-334.82,77.66,-107.21,4,,,572.21,59.45,,,130.01,46.51,153.52
cansat,2025-10-30T02:12:54.266Z,2024-ASI-ROCKET-036,,2000-01-01 00:00:00,2064,361.09,948.81,21.76,6.89,,,,,,-0.4,-0.94,19.27,-334.82,77.66,-107.21,4,,,571.89,59.34,,,130.01,46.51,153.52
cansat,2025-10-30T02:12:56.286Z,2024-ASI-ROCKET-036,,2000-01-01 00:00:00,2065,361.09,948.81,21.76,6.89,,,,,,-0.4,-0.94,19.12,-334.82,77.66,-107.21,-4,,,571.89,59.34,,,130.01,46.51,153.52
cansat,2025-10-30T02:12:57.305Z,2024-ASI-ROCKET-036,,2000-01-01 00:00:00,2066,361.09,948.81,21.76,6.89,,,,,,-0.4,-0.94,19.12,-334.82,77.66,-107.21,4,,,571.89,59.34,,,130.01,46.51,153.52
cansat,2025-10-30T02:12:58.541Z,2024-ASI-ROCKET-036,,2000-01-01 00:00:00,2067,361.09,948.81,21.76,6.89,,,,,,-0.4,-0.94,19.12,-334.82,77.66,-107.21,4,,,571.89,59.34,,,130.01,46.51,153.52
cansat,2025-10-30T02:12:59.584Z,2024-ASI-ROCKET-036,,2000-01-01 00:00:00,2068,240.59,962.77,21.86,6.89,,,,,,-0.4,-0.94,19.12,-322.62,62,-141.11,4,,,571.89,59.34,,,114.46,53.71,162.21
cansat,2025-10-30T02:13:00.617Z,2024-ASI-ROCKET-036,,2000-01-01 00:00:00,2069,240.59,962.77,21.86,6.89,,,,,,-0.4,-0.94,19.12,-322.62,62,-141.11,4,,,571.89,59.34,,,114.46,53.71,162.21
cansat,2025-10-30T02:13:02.652Z,2024-ASI-ROCKET-036,,2000-01-01 00:00:00,2070,240.59,962.77,21.86,6.89,,,,,,-0.4,-0.94,19.04,-322.62,62,-141.11,-4,,,571.89,59.34,,,114.46,53.71,162.21
cansat,2025-10-30T02:13:03.632Z,2024-ASI-ROCKET-036,,2000-01-01 00:00:00,2071,240.59,962.77,21.86,6.89,,,,,,-0.4,-0.94,19.04,-322.62,62,-141.11,4,,,571.89,59.34,,,114.46,53.71,162.21
cansat,2025-10-30T02:13:04.846Z,2024-ASI-ROCKET-036,,2000-01-01 00:00:00,2072,240.59,962.77,21.86,6.89,,,,,,-0.4,-0.94,19.04,-322.62,62,-141.11,4,,,571.89,59.34,,,114.46,53.71,162.21
cansat,2025-10-30T02:13:05.908Z,2024-ASI-ROCKET-036,,2000-01-01 00:00:00,2073,118.75,976.5,22.02,6.89,,,,,,-4.37,0.95,19.04,-287.93,94.67,-145.25,4,,,571.89,59.34,,,114.46,53.71,162.21
cansat,2025-10-30T02:13:06.966Z,2024-ASI-ROCKET-036,,2000-01-01 00:00:00,2074,118.75,976.5,22.02,6.89,,,,,,-4.37,0.95,19.04,-287.93,94.67,-145.25,4,,,572.21,59.45,,,114.46,53.71,162.21
cansat,2025-10-30T02:13:08.958Z,2024-ASI-ROCKET-036,,2000-01-01 00:00:00,2075,118.75,976.5,22.02,6.89,,,,,,-4.37,0.95,19.25,-287.93,94.67,-145.25,-4,,,572.21,59.45,,,114.46,53.71,162.21
cansat,2025-10-30T02:13:09.960Z,2024-ASI-ROCKET-036,,2000-01-01 00:00:00,2076,118.75,976.5,22.02,6.89,,,,,,-4.37,0.95,19.25,-287.93,94.67,-145.25,4,,,572.21,59.45,,,114.46,53.71,162.21
